VendorID,tpep_pickup_datetime,tpep_dropoff_datetime,passenger_count,trip_distance,RatecodeID,store_and_fwd_flag,PULocationID,DOLocationID,payment_type,fare_amount,extra,mta_tax,tip_amount,tolls_amount,improvement_surcharge,total_amount,congestion_surcharge
,2021-01-05 10:38:40,2021-01-05 10:46:20,,1.3,,,170,161,,7.0,0.0,0.5,1.03,0.0,0.3,11.33,2.5
,2021-01-05 10:17:14,2021-01-05 10:41:21,,7.9,,,216,198,,31.49,0.0,0.5,2.75,0.0,0.3,35.04,0.0
,2021-01-05 10:39:00,2021-01-05 10:46:00,,0.98,,,62,62,,16.23,0.0,0.5,2.75,0.0,0.3,19.78,0.0
,2021-01-05 10:05:00,2021-01-05 10:19:00,,1.59,,,85,71,,13.45,0.0,0.5,2.75,0.0,0.3,17.0,0.0
,2021-01-05 10:18:08,2021-01-05 10:41:40,,9.87,,,236,208,,30.23,0.0,0.5,2.75,6.12,0.3,39.9,0.0
,2021-01-05 10:06:19,2021-01-05 10:26:11,,10.28,,,185,235,,22.93,0.0,0.5,2.75,0.0,0.3,26.48,0.0
,2021-01-05 10:10:02,2021-01-05 10:28:14,,7.14,,,55,155,,24.42,0.0,0.5,2.75,0.0,0.3,27.97,0.0
,2021-01-05 10:49:03,2021-01-05 11:02:57,,1.5,,,236,161,,12.5,0.0,0.5,3.16,0.0,0.3,18.96,2.5
,2021-01-05 10:01:50,2021-01-05 11:01:03,,11.81,,,265,92,,31.68,0.0,0.5,0.0,0.0,0.3,32.48,0.0
,2021-01-05 10:43:18,2021-01-05 11:06:16,,9.78,,,83,244,,28.46,0.0,0.5,2.75,6.12,0.3,38.13,0.0
,2021-01-05 10:07:13,2021-01-05 10:24:51,,7.27,,,170,196,,28.08,0.0,0.5,2.75,6.12,0.3,37.75,0.0
,2021-01-05 10:53:00,2021-01-05 11:32:00,,13.6,,,163,250,,37.37,0.0,0.5,2.75,0.0,0.3,40.92,0.0
,2021-01-05 10:05:00,2021-01-05 10:25:00,,4.74,,,75,143,,20.68,0.0,0.5,2.75,0.0,0.3,24.23,0.0
,2021-01-10 09:40:00,2021-01-10 09:51:00,,5.53,,,213,42,,23.05,0.0,0.5,2.75,0.0,0.3,26.6,0.0
,2021-01-10 09:34:22,2021-01-10 09:46:30,,2.62,,,76,76,,18.45,0.0,0.5,2.75,0.0,0.3,22.0,0.0
,2021-01-10 09:01:52,2021-01-10 09:01:02,,1.82,,,265,133,,15.2,0.0,0.5,0.0,0.0,0.3,16.0,0.0
,2021-01-10 09:19:00,2021-01-10 09:36:00,,6.34,,,159,31,,32.71,0.0,0.5,2.75,0.0,0.3,36.26,0.0
,2021-01-10 09:20:00,2021-01-10 09:29:00,,1.42,,,26,133,,16.23,0.0,0.5,2.75,0.0,0.3,19.78,0.0
,2021-01-10 09:56:53,2021-01-10 10:04:59,,1.21,,,166,74,,14.15,0.0,0.5,2.75,0.0,0.3,17.7,0.0
,2021-01-10 09:21:43,2021-01-10 09:25:38,,1.14,,,75,74,,14.95,0.0,0.5,2.75,0.0,0.3,18.5,0.0
,2021-01-10 09:33:44,2021-01-10 09:42:40,,3.44,,,75,170,,14.13,0.0,0.5,3.72,0.0,0.3,21.15,2.5
,2021-01-10 09:01:13,2021-01-10 09:01:03,,1.24,,,265,19,,15.2,0.0,0.5,0.0,0.0,0.3,16.0,0.0
,2021-01-10 09:47:39,2021-01-10 10:03:41,,7.77,,,247,254,,30.81,0.0,0.5,2.75,0.0,0.3,34.36,0.0
,2021-01-10 09:30:15,2021-01-10 09:56:52,,14.16,,,193,77,,33.51,0.0,0.5,2.75,0.0,0.3,37.06,0.0
,2021-01-10 09:24:32,2021-01-10 09:31:48,,1.3,,,236,238,,7.5,0.0,0.5,1.62,0.0,0.3,12.42,2.5
,2021-01-10 09:27:00,2021-01-10 09:51:00,,11.63,,,191,35,,48.35,0.0,0.5,2.75,0.0,0.3,51.9,0.0
,2021-01-10 09:20:43,2021-01-10 09:45:45,,5.52,,,222,36,,26.33,0.0,0.5,2.75,0.0,0.3,29.88,0.0
,2021-01-10 09:57:52,2021-01-10 10:11:45,,6.26,,,185,47,,22.93,0.0,0.5,2.75,0.0,0.3,26.48,0.0
,2021-01-10 09:50:00,2021-01-10 09:58:00,,1.43,,,81,3,,13.12,0.0,0.5,2.75,0.0,0.3,16.67,0.0
,2021-01-10 09:06:47,2021-01-10 09:27:26,,15.51,,,135,257,,53.01,0.0,0.5,2.75,0.0,0.3,56.56,0.0
,2021-01-10 09:53:40,2021-01-10 09:56:52,,0.76,,,123,210,,18.89,0.0,0.5,2.75,0.0,0.3,22.44,0.0
,2021-01-10 09:01:10,2021-01-10 09:01:03,,2.65,,,265,119,,15.2,0.0,0.5,0.0,0.0,0.3,16.0,0.0
,2021-01-10 09:01:14,2021-01-10 09:01:04,,7.11,,,265,51,,22.01,0.0,0.5,0.0,0.0,0.3,22.81,0.0
,2021-01-10 09:13:13,2021-01-10 09:30:19,,7.24,,,70,215,,42.2,0.0,0.5,0.0,0.0,0.3,43.0,0.0
,2021-01-10 09:59:12,2021-01-10 10:16:56,,8.26,,,70,226,,35.2,0.0,0.5,0.0,0.0,0.3,36.0,0.0
,2021-01-10 09:16:18,2021-01-10 09:49:43,,17.56,,,223,165,,35.74,0.0,0.5,2.75,0.0,0.3,39.29,0.0
,2021-01-10 09:56:29,2021-01-10 09:58:38,,0.3,,,68,68,,3.5,0.0,0.5,1.02,0.0,0.3,7.82,2.5
,2021-01-10 09:52:00,2021-01-10 10:01:00,,3.16,,,41,43,,12.87,0.0,0.5,3.44,0.0,0.3,19.61,2.5
,2021-01-10 09:51:44,2021-01-10 10:12:51,,12.29,,,10,265,,51.05,0.0,0.5,2.75,0.0,0.3,54.6,0.0
,2021-01-10 09:09:57,2021-01-10 09:15:33,,1.82,,,229,236,,8.85,0.0,0.5,2.51,0.0,0.3,14.66,2.5
,2021-01-10 09:45:06,2021-01-10 09:48:43,,0.8,,,236,75,,5.0,0.0,0.5,1.66,0.0,0.3,9.96,2.5
,2021-01-10 09:05:00,2021-01-10 09:25:00,,5.44,,,45,62,,25.43,0.0,0.5,2.75,0.0,0.3,28.98,0.0
,2021-01-10 09:04:00,2021-01-10 09:41:00,,22.98,,,39,90,,32.32,0.0,0.5,2.75,6.12,0.3,41.99,0.0
,2021-01-10 09:31:00,2021-01-10 09:55:00,,7.26,,,131,216,,28.24,0.0,0.5,2.75,0.0,0.3,31.79,0.0
,2021-01-10 09:04:00,2021-01-10 09:31:00,,17.81,,,219,75,,48.0,0.0,0.5,2.75,6.12,0.3,57.67,0.0
,2021-01-10 09:01:48,2021-01-10 09:01:38,,7.04,,,265,234,,32.05,0.0,0.5,0.0,0.0,0.3,32.85,0.0
,2021-01-10 09:23:00,2021-01-10 09:43:00,,5.05,,,210,72,,28.56,0.0,0.5,2.75,0.0,0.3,32.11,0.0
,2021-01-10 09:01:00,2021-01-10 09:13:00,,3.07,,,69,74,,19.84,0.0,0.5,2.75,0.0,0.3,23.39,0.0
,2021-01-10 09:01:06,2021-01-10 09:01:02,,14.51,,,265,247,,39.46,0.0,0.5,0.0,0.0,0.3,40.26,0.0
,2021-01-10 09:49:34,2021-01-10 10:12:15,,11.79,,,201,215,,38.46,0.0,0.0,2.75,2.29,0.3,43.8,0.0
,2021-01-10 09:40:15,2021-01-10 09:57:26,,4.09,,,71,17,,20.87,0.0,0.5,2.75,0.0,0.3,24.42,0.0
,2021-01-10 09:47:00,2021-01-10 09:52:00,,1.45,,,48,186,,7.0,0.0,0.5,2.1,0.0,0.3,12.4,2.5
,2021-01-10 09:47:00,2021-01-10 09:56:00,,2.79,,,213,250,,17.1,0.0,0.5,2.75,0.0,0.3,20.65,0.0
,2021-01-10 09:12:09,2021-01-10 09:18:12,,1.9,,,141,74,,8.0,0.0,0.5,1.7,0.0,0.3,13.0,2.5
,2021-01-10 09:35:07,2021-01-10 09:49:39,,5.91,,,41,50,,28.76,0.0,0.5,2.75,0.0,0.3,32.31,0.0
,2021-01-10 09:00:00,2021-01-10 09:11:00,,2.7,,,222,177,,22.81,0.0,0.5,2.75,0.0,0.3,26.36,0.0
,2021-01-10 09:31:00,2021-01-10 09:37:00,,1.05,,,85,71,,13.45,0.0,0.5,2.75,0.0,0.3,17.0,0.0
,2021-01-10 09:11:00,2021-01-10 09:50:00,,20.59,,,241,76,,54.19,0.0,0.5,2.75,6.12,0.3,63.86,0.0
,2021-01-10 09:03:46,2021-01-10 09:23:00,,13.93,,,242,96,,48.46,0.0,0.5,2.75,6.12,0.3,58.13,0.0
,2021-01-10 09:14:00,2021-01-10 09:29:00,,9.88,,,212,196,,33.16,0.0,0.5,2.75,6.12,0.3,42.83,0.0
,2021-01-10 09:31:00,2021-01-10 09:52:00,,12.63,,,102,16,,37.31,0.0,0.5,2.75,0.0,0.3,40.86,0.0
,2021-01-10 09:01:39,2021-01-10 09:01:02,,17.52,,,265,74,,40.99,0.0,0.5,0.0,0.0,0.3,41.79,0.0
,2021-01-10 09:24:00,2021-01-10 09:35:00,,2.12,,,147,78,,10.89,0.0,0.5,2.46,0.0,0.3,14.15,0.0
,2021-01-11 10:27:00,2021-01-11 10:54:00,,6.47,,,224,238,,20.46,0.0,0.5,4.8,0.0,0.3,28.56,2.5
,2021-01-11 10:50:38,2021-01-11 11:01:19,,2.17,,,89,39,,23.33,0.0,0.5,2.75,0.0,0.3,26.88,0.0
,2021-01-11 10:17:00,2021-01-11 10:36:00,,2.87,,,37,61,,22.81,0.0,0.5,2.75,0.0,0.3,26.36,0.0
,2021-01-11 10:49:00,2021-01-11 11:04:00,,1.95,,,141,263,,17.0,0.0,0.5,2.75,0.0,0.3,20.55,0.0
,2021-01-11 10:06:58,2021-01-11 10:28:15,,10.52,,,92,18,,39.53,0.0,0.5,2.75,6.12,0.3,49.2,0.0
,2021-01-11 10:10:00,2021-01-11 10:45:00,,5.65,,,71,33,,24.9,0.0,0.5,2.75,0.0,0.3,28.45,0.0
,2021-01-11 10:14:39,2021-01-11 10:41:25,,6.88,,,244,141,,29.7,0.0,0.5,2.75,0.0,0.3,33.25,0.0
,2021-01-11 10:23:00,2021-01-11 10:44:00,,7.64,,,263,136,,35.29,0.0,0.5,2.75,0.0,0.3,38.84,0.0
,2021-01-11 10:34:45,2021-01-11 10:58:14,,9.7,,,234,138,,30.0,0.0,0.5,5.91,6.12,0.3,45.33,2.5
,2021-01-11 10:16:00,2021-01-11 10:34:00,,7.82,,,179,196,,24.71,0.0,0.5,2.75,0.0,0.3,28.26,0.0
,2021-01-11 10:01:35,2021-01-11 10:01:02,,6.62,,,265,196,,28.2,0.0,0.5,0.0,0.0,0.3,29.0,0.0
,2021-01-11 10:33:00,2021-01-11 11:05:00,,11.3,,,137,47,,32.04,0.0,0.5,2.75,0.0,0.3,35.59,0.0
,2021-01-11 10:14:32,2021-01-11 10:30:03,,2.73,,,97,181,,18.65,0.0,0.5,2.75,0.0,0.3,22.2,0.0
,2021-01-11 10:49:40,2021-01-11 11:13:56,,5.49,,,181,21,,28.33,0.0,0.5,2.75,0.0,0.3,31.88,0.0
,2021-01-11 10:37:00,2021-01-11 11:08:00,,6.41,,,91,228,,28.12,0.0,0.5,2.75,0.0,0.3,31.67,0.0
,2021-01-11 10:27:56,2021-01-11 10:58:58,,10.4,,,75,32,,42.95,0.0,0.5,2.75,0.0,0.3,46.5,0.0
,2021-01-11 10:44:40,2021-01-11 11:24:36,,16.28,,,25,94,,59.5,0.0,0.5,2.75,0.0,0.3,63.05,0.0
,2021-01-11 10:48:00,2021-01-11 10:56:00,,1.16,,,106,25,,12.39,0.0,0.5,2.75,0.0,0.3,15.94,0.0
,2021-01-11 10:01:13,2021-01-11 10:01:00,,1.34,,,265,19,,15.2,0.0,0.5,0.0,0.0,0.3,16.0,0.0
,2021-01-11 10:26:00,2021-01-11 10:41:00,,1.71,,,91,149,,14.95,0.0,0.5,2.75,0.0,0.3,18.5,0.0
,2021-01-11 10:34:00,2021-01-11 10:39:00,,0.51,,,151,151,,12.17,0.0,0.5,2.75,0.0,0.3,15.72,0.0
,2021-01-11 10:34:00,2021-01-11 11:05:00,,8.89,,,68,89,,29.19,0.0,0.5,2.75,6.12,0.3,38.86,0.0
,2021-01-11 10:42:00,2021-01-11 10:53:00,,1.39,,,74,42,,7.0,0.0,0.5,1.6,0.0,0.3,9.4,0.0
,2021-01-11 10:47:00,2021-01-11 11:26:00,,9.24,,,198,231,,34.23,0.0,0.5,2.75,0.0,0.3,37.78,0.0
,2021-01-11 10:03:29,2021-01-11 10:28:33,,6.21,,,208,235,,25.71,0.0,0.5,2.75,0.0,0.3,29.26,0.0
,2021-01-11 10:48:54,2021-01-11 11:21:45,,13.18,,,65,124,,36.38,0.0,0.5,2.75,0.0,0.3,39.93,0.0
,2021-01-11 10:01:13,2021-01-11 10:01:02,,2.05,,,265,61,,25.05,0.0,0.5,0.0,0.0,0.3,25.85,0.0
,2021-01-11 10:01:07,2021-01-11 10:01:02,,4.58,,,265,25,,17.8,0.0,0.5,0.0,0.0,0.3,18.6,0.0
,2021-01-11 10:46:00,2021-01-11 11:10:00,,10.74,,,161,136,,44.66,0.0,0.5,2.75,0.0,0.3,48.21,0.0
,2021-01-11 10:10:00,2021-01-11 10:33:00,,4.56,,,242,153,,25.45,0.0,0.5,2.75,0.0,0.3,29.0,0.0
,2021-01-11 10:10:00,2021-01-11 10:38:00,,10.24,,,196,218,,29.06,0.0,0.5,2.75,0.0,0.3,32.61,0.0
,2021-01-11 10:26:02,2021-01-11 10:52:57,,0.0,,,116,209,,29.7,0.0,0.5,3.3,0.0,0.3,38.3,2.5
,2021-01-11 10:31:48,2021-01-11 10:34:20,,0.0,,,181,181,,18.65,0.0,0.5,2.75,0.0,0.3,22.2,0.0
,2021-01-11 10:20:00,2021-01-11 10:39:00,,4.01,,,116,43,,22.86,0.0,0.5,2.75,0.0,0.3,26.41,0.0
,2021-01-11 10:40:00,2021-01-11 10:49:00,,4.66,,,244,200,,20.39,0.0,0.5,2.75,2.8,0.3,26.74,0.0
,2021-01-11 10:27:08,2021-01-11 10:50:20,,3.9,,,263,226,,18.5,0.0,0.5,4.36,0.0,0.3,26.16,2.5
,2021-01-11 10:01:23,2021-01-11 10:01:02,,12.56,,,265,48,,58.89,0.0,0.5,0.0,0.0,0.3,59.69,0.0
,2021-01-11 10:50:09,2021-01-11 11:12:42,,7.38,,,75,78,,31.63,0.0,0.5,2.75,0.0,0.3,35.18,0.0
,2021-01-11 10:55:00,2021-01-11 11:19:00,,6.87,,,75,249,,24.46,0.0,0.5,2.75,0.0,0.3,28.01,0.0
,2021-01-11 10:55:07,2021-01-11 11:10:43,,0.0,,,220,75,,34.36,0.0,0.5,2.75,2.8,0.3,40.71,0.0
,2021-01-11 10:04:54,2021-01-11 10:24:51,,11.38,,,170,220,,39.38,0.0,0.5,2.75,6.12,0.3,49.05,0.0
,2021-01-11 10:01:46,2021-01-11 11:01:04,,8.49,,,265,75,,22.76,0.0,0.5,0.0,0.0,0.3,23.56,0.0
,2021-01-11 10:45:44,2021-01-11 11:07:03,,4.55,,,231,161,,17.99,0.0,0.5,3.39,0.0,0.3,24.68,2.5
,2021-01-11 10:15:00,2021-01-11 10:39:00,,5.23,,,237,152,,20.4,0.0,0.5,5.05,0.0,0.3,28.75,2.5
,2021-01-11 10:14:00,2021-01-11 10:43:00,,7.25,,,70,42,,26.46,0.0,0.5,0.0,12.24,0.3,39.5,0.0
,2021-01-11 10:56:00,2021-01-11 11:48:00,,13.03,,,70,91,,50.38,0.0,0.5,0.0,6.12,0.3,57.3,0.0
,2021-01-11 10:20:11,2021-01-11 10:29:13,,1.63,,,259,174,,19.57,0.0,0.5,2.75,0.0,0.3,23.12,0.0
,2021-01-11 10:58:00,2021-01-11 11:25:04,,15.66,,,136,51,,24.12,0.0,0.5,2.75,0.0,0.3,27.67,0.0
,2021-01-11 10:50:24,2021-01-11 11:05:07,,3.83,,,51,242,,18.46,0.0,0.5,2.75,0.0,0.3,22.01,0.0
,2021-01-11 10:01:57,2021-01-11 10:21:05,,4.47,,,185,241,,26.93,0.0,0.5,2.75,0.0,0.3,30.48,0.0
,2021-01-09 08:01:44,2021-01-09 08:01:03,,5.08,,,265,48,,15.2,0.0,0.5,0.0,0.0,0.3,16.0,0.0
,2021-01-09 08:55:00,2021-01-09 09:14:00,,8.66,,,228,108,,42.95,0.0,0.5,2.75,0.0,0.3,46.5,0.0
,2021-01-09 08:20:00,2021-01-09 08:38:00,,3.68,,,26,11,,20.02,0.0,0.5,2.75,0.0,0.3,23.57,0.0
,2021-01-09 08:03:37,2021-01-09 08:32:40,,14.25,,,95,86,,44.89,0.0,0.5,2.75,0.0,0.3,48.44,0.0
,2021-01-09 08:55:00,2021-01-09 09:22:00,,14.8,,,48,216,,73.83,0.0,0.5,2.75,6.12,0.3,83.5,0.0
,2021-01-09 08:49:31,2021-01-09 09:02:46,,2.53,,,91,188,,13.45,0.0,0.5,2.75,0.0,0.3,17.0,0.0
,2021-01-09 08:20:26,2021-01-09 08:31:16,,2.39,,,61,39,,32.81,0.0,0.5,2.75,0.0,0.3,36.36,0.0
,2021-01-09 08:07:21,2021-01-09 08:32:18,,0.0,,,114,102,,23.7,0.0,0.5,0.0,0.0,0.3,29.0,2.5
,2021-01-09 08:39:00,2021-01-09 09:09:00,,9.59,,,202,42,,42.95,0.0,0.5,2.75,0.0,0.3,46.5,0.0
,2021-01-09 08:43:00,2021-01-09 08:50:00,,1.71,,,213,208,,10.95,0.0,0.5,2.75,0.0,0.3,14.5,0.0
,2021-01-09 08:44:00,2021-01-09 08:56:00,,28396.04,,,35,37,,22.81,0.0,0.5,2.75,0.0,0.3,26.36,0.0
,2021-01-09 08:30:00,2021-01-09 08:39:00,,1.12,,,183,208,,13.12,0.0,0.5,2.75,0.0,0.3,16.67,0.0
,2021-01-09 08:28:00,2021-01-09 08:45:00,,8.43,,,248,140,,28.23,0.0,0.5,2.75,6.12,0.3,37.9,0.0
,2021-01-09 08:57:00,2021-01-09 09:40:00,,10.53,,,231,74,,45.9,0.0,0.5,0.0,0.0,0.3,49.2,2.5
,2021-01-09 08:01:37,2021-01-09 08:01:03,,2.94,,,265,35,,15.2,0.0,0.5,0.0,0.0,0.3,16.0,0.0
,2021-01-09 08:01:10,2021-01-09 09:01:04,,8.61,,,265,112,,29.53,0.0,0.5,0.0,0.0,0.3,30.33,0.0
,2021-01-09 08:56:20,2021-01-09 09:19:17,,6.63,,,198,97,,29.27,0.0,0.5,2.75,0.0,0.3,32.82,0.0
,2021-01-09 08:21:00,2021-01-09 08:38:00,,3.8,,,213,47,,14.48,0.0,0.5,0.0,0.0,0.3,15.28,0.0
,2021-01-09 08:53:00,2021-01-09 09:01:00,,1.61,,,47,78,,22.71,0.0,0.5,2.75,0.0,0.3,26.26,0.0
,2021-01-09 08:59:09,2021-01-09 09:20:24,,9.81,,,107,244,,36.59,0.0,0.5,2.75,0.0,0.3,40.14,0.0
,2021-01-09 08:01:16,2021-01-09 09:01:04,,8.16,,,265,181,,24.09,0.0,0.5,0.0,0.0,0.3,24.89,0.0
,2021-01-09 08:30:00,2021-01-09 09:19:00,,19.35,,,94,188,,53.48,0.0,0.5,2.75,0.0,0.3,57.03,0.0
,2021-01-09 08:50:00,2021-01-09 08:57:00,,1.46,,,237,229,,7.21,0.0,0.5,1.61,0.0,0.3,12.12,2.5
,2021-01-09 08:58:00,2021-01-09 09:23:00,,7.13,,,41,148,,33.26,0.0,0.5,2.75,0.0,0.3,36.81,0.0
,2021-01-09 08:02:00,2021-01-09 08:33:00,,13.04,,,35,108,,31.4,0.0,0.5,2.75,0.0,0.3,34.95,0.0
,2021-01-09 08:42:06,2021-01-09 08:56:40,,6.85,,,168,60,,18.45,0.0,0.5,2.75,0.0,0.3,22.0,0.0
,2021-01-09 08:28:00,2021-01-09 08:56:00,,15.9,,,51,196,,38.69,0.0,0.5,2.75,6.12,0.3,48.36,0.0
,2021-01-09 08:50:13,2021-01-09 08:53:30,,1.3,,,162,236,,5.5,0.0,0.5,1.32,0.0,0.3,10.12,2.5
,2021-01-09 08:19:00,2021-01-09 08:39:00,,4.55,,,223,163,,23.72,0.0,0.5,7.38,0.0,0.3,34.4,2.5
,2021-01-09 08:27:39,2021-01-09 08:32:57,,1.38,,,61,61,,16.23,0.0,0.5,2.75,0.0,0.3,19.78,0.0
,2021-01-09 08:22:00,2021-01-09 08:39:00,,11.43,,,213,134,,38.71,0.0,0.5,2.75,6.12,0.3,48.38,0.0
,2021-01-09 08:44:00,2021-01-09 08:52:00,,1.11,,,209,232,,14.95,0.0,0.5,2.75,0.0,0.3,18.5,0.0
,2021-01-09 08:28:20,2021-01-09 08:53:12,,15.77,,,81,137,,40.54,0.0,0.5,2.75,6.12,0.3,50.21,0.0
,2021-01-09 08:23:59,2021-01-09 08:32:45,,1.37,,,76,35,,32.81,0.0,0.5,2.75,0.0,0.3,36.36,0.0
,2021-01-09 08:54:00,2021-01-09 09:26:00,,16.93,,,231,185,,72.7,0.0,0.5,0.0,0.0,0.3,76.0,2.5
,2021-01-09 08:19:33,2021-01-09 08:34:10,,5.14,,,143,42,,26.67,0.0,0.5,2.75,0.0,0.3,30.22,0.0
,2021-01-09 08:01:44,2021-01-09 08:01:03,,5.67,,,265,116,,18.76,0.0,0.5,0.0,0.0,0.3,19.56,0.0
,2021-01-09 08:26:00,2021-01-09 08:51:00,,11.37,,,139,35,,48.85,0.0,0.5,2.75,0.0,0.3,52.4,0.0
,2021-01-09 08:01:00,2021-01-09 08:10:00,,1.38,,,43,24,,19.96,0.0,0.5,2.75,0.0,0.3,23.51,0.0
,2021-01-09 08:18:37,2021-01-09 08:40:54,,15.23,,,42,130,,42.13,0.0,0.5,2.75,6.12,0.3,51.8,0.0
,2021-01-09 08:01:24,2021-01-09 08:01:04,,0.94,,,265,75,,28.2,0.0,0.5,0.0,0.0,0.3,29.0,0.0
,2021-01-09 08:01:40,2021-01-09 08:01:03,,6.13,,,265,127,,17.02,0.0,0.5,0.0,0.0,0.3,17.82,0.0
,2021-01-09 08:01:22,2021-01-09 08:01:04,,1.13,,,265,142,,15.2,0.0,0.5,0.0,0.0,0.3,16.0,0.0
,2021-01-09 08:01:26,2021-01-09 08:01:03,,4.11,,,265,263,,18.94,0.0,0.5,0.0,0.0,0.3,19.74,0.0
,2021-01-09 08:57:57,2021-01-09 09:18:55,,10.38,,,125,14,,28.31,0.0,0.5,8.41,0.0,0.3,40.02,2.5
,2021-01-09 08:21:00,2021-01-09 08:31:00,,1.89,,,136,174,,13.38,0.0,0.5,2.75,0.0,0.3,16.93,0.0
,2021-01-09 08:06:00,2021-01-09 08:11:00,,0.97,,,153,220,,12.38,0.0,0.5,2.75,0.0,0.3,15.93,0.0
,2021-01-09 08:01:47,2021-01-09 08:01:02,,0.68,,,265,218,,15.2,0.0,0.5,0.0,0.0,0.3,16.0,0.0
,2021-01-09 08:01:08,2021-01-09 09:01:04,,10.3,,,265,225,,33.73,0.0,0.5,0.0,0.0,0.3,34.53,0.0
,2021-01-09 08:01:57,2021-01-09 08:01:03,,3.96,,,265,225,,18.13,0.0,0.5,0.0,0.0,0.3,18.93,0.0
,2021-01-05 19:14:39,2021-01-05 19:28:09,,3.32,,,78,169,,11.43,0.0,0.5,0.0,0.0,0.3,12.23,0.0
,2021-01-05 19:01:46,2021-01-05 20:01:04,,3.68,,,265,91,,27.18,0.0,0.5,0.0,0.0,0.3,27.98,0.0
,2021-01-05 19:01:21,2021-01-05 19:01:02,,1.29,,,265,72,,28.2,0.0,0.5,0.0,0.0,0.3,29.0,0.0
,2021-01-05 19:30:00,2021-01-05 19:47:00,,5.38,,,43,7,,22.83,0.0,0.5,2.75,6.12,0.3,32.5,0.0
,2021-01-05 19:19:11,2021-01-05 19:55:41,,7.04,,,123,225,,26.71,0.0,0.5,2.75,0.0,0.3,30.26,0.0
,2021-01-05 19:03:00,2021-01-05 19:21:00,,4.69,,,200,81,,25.45,0.0,0.5,2.75,0.0,0.3,29.0,0.0
,2021-01-05 19:13:00,2021-01-05 19:52:00,,10.9,,,213,230,,50.22,0.0,0.5,2.75,0.0,0.3,53.77,0.0
,2021-01-05 19:01:25,2021-01-05 20:01:04,,9.83,,,265,196,,24.07,0.0,0.5,0.0,0.0,0.3,24.87,0.0
,2021-01-05 19:13:45,2021-01-05 19:25:11,,1.91,,,222,77,,8.48,0.0,0.5,0.92,0.0,0.3,10.2,0.0
,2021-01-05 19:55:05,2021-01-05 20:37:07,,23.33,,,167,39,,42.84,0.0,0.5,2.75,6.12,0.3,52.51,0.0
,2021-01-05 19:59:16,2021-01-05 20:08:48,,2.86,,,170,148,,8.7,0.0,0.5,2.6,0.0,0.3,14.6,2.5
,2021-01-05 19:37:00,2021-01-05 20:25:00,,15.0,,,29,231,,50.58,0.0,0.5,0.0,6.12,0.3,60.0,2.5
,2021-01-05 19:21:08,2021-01-05 19:49:34,,8.21,,,228,35,,25.09,0.0,0.5,2.75,0.0,0.3,28.64,0.0
,2021-01-05 19:01:27,2021-01-05 19:01:04,,13.31,,,265,76,,44.0,0.0,0.5,0.0,0.0,0.3,44.8,0.0
,2021-01-05 19:09:32,2021-01-05 19:36:18,,10.87,,,61,56,,32.59,0.0,0.5,2.75,0.0,0.3,36.14,0.0
,2021-01-05 19:31:01,2021-01-05 19:57:13,,9.84,,,123,35,,31.4,0.0,0.5,2.75,0.0,0.3,34.95,0.0
,2021-01-05 19:29:00,2021-01-05 19:35:00,,0.6,,,20,31,,11.45,0.0,0.5,2.75,0.0,0.3,15.0,0.0
,2021-01-05 19:25:00,2021-01-05 19:31:00,,1.04,,,140,263,,7.0,0.0,0.5,2.1,0.0,0.3,12.4,2.5
,2021-01-05 19:29:46,2021-01-05 20:00:24,,16.94,,,169,66,,45.07,0.0,0.5,2.75,6.12,0.3,54.74,0.0
,2021-01-05 19:29:52,2021-01-05 19:36:56,,1.8,,,50,239,,8.0,0.0,0.5,2.26,0.0,0.3,13.56,2.5
,2021-01-05 19:02:00,2021-01-05 19:11:00,,2.47,,,181,61,,18.45,0.0,0.5,2.75,0.0,0.3,22.0,0.0
,2021-01-05 19:41:48,2021-01-05 20:13:44,,14.81,,,167,65,,40.68,0.0,0.5,2.75,6.12,0.3,50.35,0.0
,2021-01-05 19:15:13,2021-01-05 19:19:31,,0.9,,,141,141,,5.5,1.0,0.5,0.98,0.0,0.3,10.78,2.5
,2021-01-05 19:47:36,2021-01-05 19:59:54,,3.4,,,234,143,,12.5,1.0,0.5,2.52,0.0,0.3,19.32,2.5
,2021-01-05 19:56:00,2021-01-05 20:21:00,,15.62,,,219,212,,45.76,0.0,0.5,2.75,6.12,0.3,55.43,0.0
,2021-01-05 19:33:00,2021-01-05 20:19:00,,11.03,,,39,232,,34.35,0.0,0.5,2.75,0.0,0.3,37.9,0.0
,2021-01-05 19:58:00,2021-01-05 20:23:00,,10.06,,,41,254,,34.19,0.0,0.5,2.75,0.0,0.3,37.74,0.0
,2021-01-05 19:21:00,2021-01-05 20:02:00,,14.47,,,113,76,,38.44,0.0,0.5,2.75,0.0,0.3,41.99,0.0
,2021-01-05 19:14:00,2021-01-05 19:32:00,,8.04,,,213,70,,36.08,0.0,0.5,0.0,6.12,0.3,43.0,0.0
,2021-01-05 19:52:24,2021-01-05 19:59:55,,1.4,,,234,158,,7.0,1.0,0.5,1.7,0.0,0.3,13.0,2.5
,2021-01-05 19:32:00,2021-01-05 19:50:00,,4.13,,,74,143,,25.45,0.0,0.5,2.75,0.0,0.3,29.0,0.0
,2021-01-05 19:12:17,2021-01-05 19:19:25,,1.3,,,140,236,,7.0,1.0,0.5,1.7,0.0,0.3,13.0,2.5
,2021-01-05 19:11:00,2021-01-05 19:46:00,,17.45,,,193,165,,49.74,0.0,0.5,9.95,0.0,0.3,60.49,0.0
,2021-01-05 19:07:00,2021-01-05 19:28:00,,7.59,,,234,82,,25.16,0.0,0.5,2.75,6.12,0.3,34.83,0.0
,2021-01-05 19:01:36,2021-01-05 19:01:03,,12.1,,,265,15,,30.89,0.0,0.5,0.0,0.0,0.3,31.69,0.0
,2021-01-05 19:31:00,2021-01-05 20:03:00,,15.57,,,126,61,,43.84,0.0,0.5,2.75,6.12,0.3,53.51,0.0
,2021-01-05 19:32:00,2021-01-05 19:59:00,,10.03,,,244,231,,43.2,0.0,0.5,0.0,0.0,0.3,46.5,2.5
,2021-01-05 19:11:00,2021-01-05 20:03:00,,27.92,,,239,39,,41.28,0.0,0.5,2.75,6.12,0.3,50.95,0.0
,2021-01-05 19:36:00,2021-01-05 19:50:00,,3.18,,,17,232,,23.18,0.0,0.5,2.75,0.0,0.3,26.73,0.0
,2021-01-05 19:01:36,2021-01-05 19:21:24,,4.61,,,36,232,,25.45,0.0,0.5,2.75,0.0,0.3,29.0,0.0
,2021-01-05 19:23:00,2021-01-05 19:32:00,,2.79,,,141,74,,18.45,0.0,0.5,2.75,0.0,0.3,22.0,0.0
,2021-01-05 19:34:09,2021-01-05 19:57:22,,12.29,,,143,185,,39.71,0.0,0.5,2.75,0.0,0.3,43.26,0.0
,2021-01-05 19:47:51,2021-01-05 19:59:33,,3.35,,,79,97,,24.05,0.0,0.5,2.75,0.0,0.3,27.6,0.0
,2021-01-05 19:21:00,2021-01-05 19:28:00,,2.07,,,140,239,,9.7,0.0,0.5,1.35,0.0,0.3,14.35,2.5
,2021-01-05 19:00:00,2021-01-05 19:23:00,,13.81,,,215,79,,47.63,0.0,0.5,2.75,6.12,0.3,57.3,0.0
,2021-01-05 19:57:42,2021-01-05 20:04:31,,0.0,,,41,42,,5.2,1.0,0.5,0.7,0.0,0.3,9.7,0.0
,2021-01-05 19:01:03,2021-01-05 19:01:02,,8.2,,,265,152,,25.95,0.0,0.5,0.0,0.0,0.3,26.75,0.0
,2021-01-05 19:06:00,2021-01-05 19:52:00,,25.49,,,261,117,,50.13,0.0,0.5,2.75,8.41,0.3,62.09,0.0
,2021-01-05 19:35:00,2021-01-05 19:39:19,,0.6,,,262,141,,5.0,1.0,0.5,1.86,0.0,0.3,11.16,2.5
,2021-01-05 19:02:12,2021-01-05 19:09:07,,1.1,,,90,164,,6.5,0.5,0.5,1.55,0.0,0.3,11.85,2.5
,2021-01-07 08:02:03,2021-01-07 08:25:30,,4.9,,,238,113,,19.5,0.0,0.5,3.42,0.0,0.3,26.22,2.5
,2021-01-07 08:19:53,2021-01-07 08:26:27,,1.15,,,62,62,,16.23,0.0,0.5,2.75,0.0,0.3,19.78,0.0
,2021-01-07 08:43:55,2021-01-07 09:05:09,,4.55,,,49,77,,22.81,0.0,0.5,2.75,0.0,0.3,26.36,0.0
,2021-01-07 08:15:57,2021-01-07 08:36:32,,3.36,,,169,174,,17.09,0.0,0.5,2.75,0.0,0.3,20.64,0.0
,2021-01-07 08:52:00,2021-01-07 09:05:00,,1.69,,,224,170,,7.08,0.0,0.5,3.95,0.0,0.3,14.33,2.5
,2021-01-07 08:09:00,2021-01-07 08:48:00,,7.54,,,76,97,,27.53,0.0,0.5,2.75,0.0,0.3,31.08,0.0
,2021-01-07 08:47:00,2021-01-07 09:21:00,,6.6,,,39,97,,27.53,0.0,0.5,2.75,0.0,0.3,31.08,0.0
,2021-01-07 08:30:56,2021-01-07 08:56:01,,3.61,,,264,68,,10.23,0.0,0.5,2.22,0.0,0.3,15.75,2.5
,2021-01-07 08:05:21,2021-01-07 08:14:00,,0.0,,,48,162,,5.7,0.0,0.5,1.8,0.0,0.3,12.8,2.5
,2021-01-07 08:45:00,2021-01-07 09:41:00,,11.68,,,35,246,,29.89,0.0,0.5,2.75,0.0,0.3,33.44,0.0
,2021-01-07 08:23:04,2021-01-07 08:44:40,,7.8,,,97,140,,34.12,0.0,0.5,2.75,0.0,0.3,37.67,0.0
,2021-01-07 08:17:00,2021-01-07 09:04:00,,18.12,,,243,216,,56.11,0.0,0.5,2.75,6.12,0.3,65.78,0.0
,2021-01-07 08:25:00,2021-01-07 08:29:00,,0.68,,,76,76,,14.93,0.0,0.5,2.75,0.0,0.3,18.48,0.0
,2021-01-07 08:27:00,2021-01-07 08:43:00,,3.05,,,107,48,,15.45,0.0,0.5,3.96,0.0,0.3,22.71,2.5
,2021-01-07 08:30:00,2021-01-07 08:47:00,,1.27,,,213,213,,14.11,0.0,0.5,2.75,0.0,0.3,17.66,0.0
,2021-01-07 08:01:43,2021-01-07 08:22:19,,3.35,,,41,167,,27.93,0.0,0.5,2.75,0.0,0.3,31.48,0.0
,2021-01-07 08:25:00,2021-01-07 08:30:00,,1.08,,,22,22,,14.95,0.0,0.5,2.75,0.0,0.3,18.5,0.0
,2021-01-07 08:59:00,2021-01-07 09:12:00,,8.2,,,228,22,,39.45,0.0,0.5,2.75,0.0,0.3,43.0,0.0
,2021-01-07 08:23:00,2021-01-07 08:51:00,,5.98,,,222,36,,26.33,0.0,0.5,2.75,0.0,0.3,29.88,0.0
,2021-01-07 08:06:00,2021-01-07 08:39:00,,13.61,,,215,137,,48.02,0.0,0.5,2.75,6.12,0.3,57.69,0.0
,2021-01-07 08:32:09,2021-01-07 09:01:09,,13.31,,,7,182,,30.18,0.0,0.5,2.75,6.12,0.3,39.85,0.0
,2021-01-07 08:12:12,2021-01-07 08:35:24,,5.3,,,210,62,,28.56,0.0,0.5,2.75,0.0,0.3,32.11,0.0
,2021-01-07 08:42:28,2021-01-07 08:42:39,,0.0,,,232,232,,28.95,0.0,0.5,2.75,0.0,0.3,32.5,0.0
,2021-01-07 08:39:00,2021-01-07 09:16:00,,12.56,,,47,68,,31.58,0.0,0.5,3.8,0.0,0.3,38.68,2.5
,2021-01-07 08:07:00,2021-01-07 08:29:00,,3.73,,,177,71,,25.45,0.0,0.5,2.75,0.0,0.3,29.0,0.0
,2021-01-07 08:43:00,2021-01-07 08:57:00,,2.13,,,71,35,,14.95,0.0,0.5,2.75,0.0,0.3,18.5,0.0
,2021-01-07 08:29:00,2021-01-07 08:58:00,,8.01,,,213,140,,25.15,0.0,0.5,2.75,6.12,0.3,34.82,0.0
,2021-01-07 08:01:01,2021-01-07 09:01:03,,13.94,,,265,244,,38.3,0.0,0.5,0.0,0.0,0.3,39.1,0.0
,2021-01-07 08:49:24,2021-01-07 08:55:54,,1.23,,,32,174,,13.38,0.0,0.5,2.75,0.0,0.3,16.93,0.0
,2021-01-07 08:10:35,2021-01-07 08:27:11,,4.46,,,259,242,,20.66,0.0,0.5,2.75,0.0,0.3,24.21,0.0
,2021-01-07 08:04:00,2021-01-07 08:25:00,,6.2,,,252,9,,21.99,0.0,0.5,2.75,6.12,0.3,31.66,0.0
,2021-01-07 08:46:16,2021-01-07 08:58:41,,0.98,,,244,235,,29.16,0.0,0.5,2.75,0.0,0.3,32.71,0.0
,2021-01-07 08:01:41,2021-01-07 08:07:29,,0.86,,,25,97,,12.39,0.0,0.5,2.75,0.0,0.3,15.94,0.0
,2021-01-07 08:29:18,2021-01-07 08:55:17,,4.62,,,61,91,,25.77,0.0,0.5,2.75,0.0,0.3,29.32,0.0
,2021-01-07 08:01:27,2021-01-07 08:01:04,,3.11,,,265,188,,25.2,0.0,0.5,0.0,0.0,0.3,26.0,0.0
,2021-01-07 08:10:05,2021-01-07 08:52:49,,12.64,,,258,48,,35.48,0.0,0.5,2.75,6.12,0.3,45.15,0.0
,2021-01-07 08:01:14,2021-01-07 08:01:04,,10.15,,,265,140,,31.55,0.0,0.5,0.0,0.0,0.3,32.35,0.0
,2021-01-07 08:07:54,2021-01-07 08:23:00,,2.77,,,18,32,,20.3,0.0,0.5,2.75,0.0,0.3,23.85,0.0
,2021-01-07 08:51:23,2021-01-07 09:15:25,,10.83,,,32,92,,30.61,0.0,0.5,2.75,6.12,0.3,40.28,0.0
,2021-01-07 08:10:00,2021-01-07 08:27:00,,2.45,,,42,244,,20.85,0.0,0.5,2.75,0.0,0.3,24.4,0.0
,2021-01-07 08:01:42,2021-01-07 08:01:03,,1.76,,,265,74,,19.2,0.0,0.5,0.0,0.0,0.3,20.0,0.0
,2021-01-07 08:01:07,2021-01-07 09:01:03,,16.77,,,265,227,,48.93,0.0,0.5,0.0,0.0,0.3,49.73,0.0
,2021-01-07 08:06:48,2021-01-07 08:10:19,,1.0,,,162,234,,5.0,0.0,0.5,1.25,0.0,0.3,9.55,2.5
,2021-01-07 08:58:00,2021-01-07 09:19:00,,2.61,,,68,140,,13.91,0.0,0.5,2.0,0.0,0.3,19.21,2.5
,2021-01-07 09:22:10,2021-01-07 09:25:08,,0.6,,,142,163,,4.0,0.0,0.5,1.1,0.0,0.3,8.4,2.5
,2021-01-07 09:01:10,2021-01-07 09:01:04,,6.56,,,265,174,,23.02,0.0,0.5,0.0,0.0,0.3,23.82,0.0
,2021-01-07 09:01:00,2021-01-07 10:01:04,,2.18,,,265,185,,25.2,0.0,0.5,0.0,0.0,0.3,26.0,0.0
,2021-01-07 09:20:04,2021-01-07 09:27:13,,1.1,,,170,162,,7.0,0.0,0.5,2.06,0.0,0.3,12.36,2.5
,2021-01-07 09:44:00,2021-01-07 10:01:00,,3.8,,,9,215,,30.54,0.0,0.5,2.75,0.0,0.3,34.09,0.0
,2021-01-07 09:11:00,2021-01-07 09:39:00,,9.35,,,69,170,,25.92,0.0,0.5,2.75,6.12,0.3,35.59,0.0
,2021-01-03 17:12:19,2021-01-03 17:17:22,,1.3,,,100,249,,6.0,0.0,0.5,1.4,0.0,0.3,10.7,2.5
,2021-01-03 17:41:00,2021-01-03 18:14:00,,6.44,,,181,68,,23.29,0.0,0.5,7.21,0.0,0.3,33.8,2.5
,2021-01-03 17:01:51,2021-01-03 18:01:04,,21.23,,,265,174,,51.65,0.0,0.5,0.0,0.0,0.3,52.45,0.0
,2021-01-03 17:52:46,2021-01-03 18:16:23,,0.0,,,249,226,,17.7,0.0,0.5,3.15,0.0,0.3,26.15,2.5
,2021-01-03 17:13:52,2021-01-03 17:19:46,,0.64,,,143,142,,7.0,0.0,0.0,2.1,0.0,0.3,11.9,2.5
,2021-01-03 17:20:56,2021-01-03 17:29:12,,1.57,,,83,226,,16.33,0.0,0.5,2.75,0.0,0.3,19.88,0.0
,2021-01-03 17:01:05,2021-01-03 17:01:02,,1.22,,,265,69,,28.2,0.0,0.5,0.0,0.0,0.3,29.0,0.0
,2021-01-03 17:14:00,2021-01-03 17:43:00,,6.84,,,125,262,,28.79,0.0,0.5,2.75,0.0,0.3,32.34,0.0
,2021-01-03 17:31:27,2021-01-03 17:55:39,,9.44,,,33,95,,42.95,0.0,0.5,2.75,0.0,0.3,46.5,0.0
,2021-01-03 17:34:35,2021-01-03 17:44:31,,1.57,,,116,247,,9.35,0.0,0.5,2.25,0.0,0.3,12.4,0.0
,2021-01-03 17:58:00,2021-01-03 18:25:00,,14.64,,,10,248,,50.33,0.0,0.5,2.75,6.12,0.3,60.0,0.0
,2021-01-03 17:59:00,2021-01-03 18:10:00,,1.95,,,75,74,,22.86,0.0,0.5,2.75,0.0,0.3,26.41,0.0
,2021-01-03 17:23:47,2021-01-03 17:57:19,,14.12,,,32,163,,40.93,0.0,0.5,2.75,0.0,0.3,44.48,0.0
,2021-01-03 17:41:06,2021-01-03 18:04:33,,4.13,,,61,165,,28.56,0.0,0.5,2.75,0.0,0.3,32.11,0.0
,2021-01-03 17:53:00,2021-01-03 18:38:00,,9.2,,,144,76,,42.95,0.0,0.5,2.75,0.0,0.3,46.5,0.0
,2021-01-03 17:01:29,2021-01-03 17:01:03,,0.99,,,265,35,,28.2,0.0,0.5,0.0,0.0,0.3,29.0,0.0
,2021-01-03 17:23:55,2021-01-03 17:50:24,,6.91,,,35,82,,35.95,0.0,0.5,2.75,0.0,0.3,39.5,0.0
,2021-01-03 17:57:41,2021-01-03 18:26:21,,10.52,,,168,231,,39.78,0.0,0.5,0.0,6.12,0.3,49.2,2.5
,2021-01-03 17:22:57,2021-01-03 18:01:11,,11.71,,,246,21,,32.27,0.0,0.5,2.75,6.12,0.3,41.94,0.0
,2021-01-03 17:58:00,2021-01-03 18:22:00,,7.64,,,220,212,,32.45,0.0,0.5,2.75,0.0,0.3,36.0,0.0
,2021-01-03 17:47:59,2021-01-03 17:53:09,,1.7,,,263,237,,6.5,0.0,0.5,1.47,0.0,0.3,11.27,2.5
,2021-01-03 17:23:00,2021-01-03 17:54:00,,15.33,,,18,130,,44.97,0.0,0.5,2.75,6.12,0.3,54.64,0.0
,2021-01-03 17:11:26,2021-01-03 17:15:47,,0.7,,,43,142,,5.0,0.0,0.5,1.25,0.0,0.3,9.55,2.5
,2021-01-03 17:27:00,2021-01-03 17:34:00,,1.56,,,174,240,,14.95,0.0,0.5,2.75,0.0,0.3,18.5,0.0
,2021-01-03 17:15:00,2021-01-03 18:03:00,,12.96,,,238,188,,53.75,0.0,0.5,2.75,0.0,0.3,57.3,0.0
,2021-01-03 17:26:00,2021-01-03 18:05:00,,5.26,,,133,39,,29.9,0.0,0.5,2.75,0.0,0.3,33.45,0.0
,2021-01-03 17:05:52,2021-01-03 17:11:41,,2.51,,,152,238,,11.03,0.0,0.5,3.8,0.0,0.3,18.13,2.5
,2021-01-03 17:58:00,2021-01-03 18:09:00,,2.23,,,48,137,,11.63,0.0,0.5,2.34,0.0,0.3,17.27,2.5
,2021-01-03 17:54:13,2021-01-03 18:13:50,,9.19,,,83,10,,44.62,0.0,0.5,2.75,0.0,0.3,48.17,0.0
,2021-01-03 17:44:00,2021-01-03 18:20:00,,16.46,,,232,18,,56.45,0.0,0.5,2.75,0.0,0.3,60.0,0.0
,2021-01-03 17:19:12,2021-01-03 17:52:12,,16.16,,,227,70,,64.6,0.0,0.5,0.0,0.0,0.3,65.4,0.0
,2021-01-03 17:00:00,2021-01-03 17:16:00,,4.15,,,177,124,,25.45,0.0,0.5,2.75,0.0,0.3,29.0,0.0
,2021-01-03 17:15:00,2021-01-03 17:50:00,,13.14,,,76,70,,33.65,0.0,0.5,2.75,0.0,0.3,37.2,0.0
,2021-01-03 17:40:33,2021-01-03 17:44:10,,0.6,,,90,234,,4.5,0.0,0.5,1.17,0.0,0.3,8.97,2.5
,2021-01-03 17:48:24,2021-01-03 18:06:44,,7.5,,,263,136,,29.39,0.0,0.5,2.75,0.0,0.3,32.94,0.0
,2021-01-03 17:01:35,2021-01-03 17:01:02,,10.29,,,265,238,,31.92,0.0,0.5,0.0,0.0,0.3,32.72,0.0
,2021-01-03 17:23:00,2021-01-03 17:43:00,,6.47,,,216,177,,32.45,0.0,0.5,2.75,0.0,0.3,36.0,0.0
,2021-01-03 17:29:00,2021-01-03 18:03:48,,12.3,,,170,77,,29.53,0.0,0.5,2.75,6.12,0.3,39.2,0.0
,2021-01-03 18:26:31,2021-01-03 18:42:18,,6.13,,,148,75,,17.97,0.0,0.5,4.77,0.0,0.3,26.04,2.5
,2021-01-03 18:21:02,2021-01-03 18:29:37,,2.9,,,50,166,,10.0,0.0,0.5,2.0,0.0,0.3,15.3,2.5
,2021-01-03 18:01:46,2021-01-03 18:01:03,,2.09,,,265,179,,15.2,0.0,0.5,0.0,0.0,0.3,16.0,0.0
,2021-01-03 18:10:17,2021-01-03 18:40:21,,12.83,,,254,151,,51.05,0.0,0.5,2.75,0.0,0.3,54.6,0.0
,2021-01-03 18:00:11,2021-01-03 18:05:56,,1.3,,,186,170,,6.0,0.0,0.5,1.4,0.0,0.3,10.7,2.5
,2021-01-03 18:40:00,2021-01-03 19:04:00,,5.82,,,17,137,,27.76,0.0,0.5,2.75,0.0,0.3,31.31,0.0
,2021-01-03 18:50:00,2021-01-03 19:15:00,,5.19,,,71,76,,23.33,0.0,0.5,2.75,0.0,0.3,26.88,0.0
,2021-01-03 18:48:00,2021-01-03 18:58:00,,2.09,,,226,223,,10.72,0.0,0.5,2.42,0.0,0.3,13.94,0.0
,2021-01-03 18:09:00,2021-01-03 18:34:00,,7.36,,,227,231,,39.7,0.0,0.5,0.0,0.0,0.3,43.0,2.5
,2021-01-03 18:01:33,2021-01-03 18:01:04,,1.63,,,265,179,,28.2,0.0,0.5,0.0,0.0,0.3,29.0,0.0
,2021-01-03 18:07:41,2021-01-03 18:10:11,,0.7,,,75,236,,4.0,0.0,0.5,1.46,0.0,0.3,8.76,2.5
,2021-01-03 18:50:57,2021-01-03 19:00:47,,0.0,,,234,162,,9.7,0.0,0.5,4.55,0.0,0.3,19.55,2.5
,2021-01-13 08:53:43,2021-01-13 09:30:54,,11.99,,,71,48,,29.19,0.0,0.5,2.75,6.12,0.3,38.86,0.0
,2021-01-13 08:33:59,2021-01-13 08:39:56,,0.47,,,35,72,,16.23,0.0,0.5,2.75,0.0,0.3,19.78,0.0
,2021-01-13 08:12:00,2021-01-13 08:40:00,,9.62,,,247,48,,31.74,0.0,0.5,2.75,0.0,0.3,35.29,0.0
,2021-01-13 08:01:44,2021-01-13 09:01:08,,0.84,,,265,142,,15.2,0.0,0.5,0.0,0.0,0.3,16.0,0.0
,2021-01-13 08:01:11,2021-01-13 08:01:02,,2.6,,,265,32,,25.2,0.0,0.5,0.0,0.0,0.3,26.0,0.0
,2021-01-13 08:29:00,2021-01-13 08:56:00,,7.24,,,235,263,,29.39,0.0,0.5,2.75,0.0,0.3,32.94,0.0
,2021-01-13 08:43:25,2021-01-13 09:01:09,,8.49,,,162,212,,33.23,0.0,0.5,2.75,6.12,0.3,42.9,0.0
,2021-01-13 08:23:00,2021-01-13 08:59:00,,6.86,,,61,90,,29.89,0.0,0.5,2.75,0.0,0.3,33.44,0.0
,2021-01-13 08:27:00,2021-01-13 08:46:00,,5.19,,,74,170,,28.95,0.0,0.5,2.75,0.0,0.3,32.5,0.0
,2021-01-13 08:01:22,2021-01-13 08:01:02,,5.84,,,265,100,,32.2,0.0,0.5,0.0,0.0,0.3,33.0,0.0
,2021-01-13 08:45:50,2021-01-13 09:01:19,,3.55,,,260,112,,13.35,0.0,0.5,1.51,0.0,0.3,15.66,0.0
,2021-01-13 08:59:28,2021-01-13 09:04:17,,1.05,,,42,41,,17.19,0.0,0.5,2.75,0.0,0.3,20.74,0.0
,2021-01-13 08:48:00,2021-01-13 09:03:00,,3.92,,,70,145,,25.16,0.0,0.5,2.75,6.12,0.3,34.83,0.0
,2021-01-13 08:38:26,2021-01-13 09:14:05,,14.46,,,47,216,,37.58,0.0,0.5,4.76,6.12,0.3,49.26,0.0
,2021-01-13 08:01:53,2021-01-13 08:01:49,,4.32,,,265,159,,16.25,0.0,0.5,0.0,0.0,0.3,17.05,0.0
,2021-01-13 08:41:00,2021-01-13 08:53:00,,1.84,,,47,119,,7.56,0.0,0.5,0.82,0.0,0.3,9.18,0.0
,2021-01-13 08:39:45,2021-01-13 08:58:06,,5.47,,,42,126,,23.05,0.0,0.5,2.75,0.0,0.3,26.6,0.0
,2021-01-13 08:17:00,2021-01-13 08:49:00,,7.82,,,167,174,,22.71,0.0,0.5,2.75,0.0,0.3,26.26,0.0
,2021-01-13 08:56:27,2021-01-13 09:07:12,,1.24,,,228,227,,7.0,0.0,0.5,0.77,0.0,0.3,8.57,0.0
,2021-01-13 08:37:09,2021-01-13 08:50:37,,5.84,,,81,250,,24.13,0.0,0.5,2.75,0.0,0.3,27.68,0.0
,2021-01-13 08:35:00,2021-01-13 08:46:00,,1.94,,,151,236,,19.96,0.0,0.5,2.75,0.0,0.3,23.51,0.0
,2021-01-13 08:01:00,2021-01-13 08:10:00,,1.22,,,42,166,,19.14,0.0,0.5,2.75,0.0,0.3,22.69,0.0
,2021-01-13 08:10:08,2021-01-13 08:48:34,,9.12,,,223,25,,42.95,0.0,0.5,2.75,0.0,0.3,46.5,0.0
,2021-01-13 08:42:00,2021-01-13 09:17:00,,7.96,,,61,170,,45.65,0.0,0.5,2.75,0.0,0.3,49.2,0.0
,2021-01-13 08:13:33,2021-01-13 08:59:43,,0.0,,,68,26,,30.7,0.0,0.5,5.1,0.0,0.3,41.1,2.5
,2021-01-13 08:34:12,2021-01-13 08:45:07,,2.15,,,72,155,,23.29,0.0,0.5,2.75,0.0,0.3,26.84,0.0
,2021-01-13 08:12:35,2021-01-13 08:20:15,,1.87,,,76,72,,22.81,0.0,0.5,2.75,0.0,0.3,26.36,0.0
,2021-01-13 08:40:00,2021-01-13 09:23:00,,12.64,,,169,249,,51.05,0.0,0.5,2.75,0.0,0.3,54.6,0.0
,2021-01-13 08:07:46,2021-01-13 08:43:10,,6.96,,,222,181,,27.53,0.0,0.5,2.75,0.0,0.3,31.08,0.0
,2021-01-13 08:25:00,2021-01-13 08:52:00,,8.1,,,213,146,,26.68,0.0,0.5,2.75,6.12,0.3,36.35,0.0
,2021-01-13 08:37:00,2021-01-13 09:17:00,,16.79,,,197,237,,36.23,0.0,0.5,2.75,6.12,0.3,45.9,0.0
,2021-01-13 08:49:00,2021-01-13 09:14:00,,7.96,,,33,237,,26.03,0.0,0.5,6.7,0.0,0.3,36.03,2.5
,2021-01-13 08:02:27,2021-01-13 08:17:05,,1.6,,,237,75,,11.0,0.0,0.5,2.86,0.0,0.3,17.16,2.5
,2021-01-13 08:50:00,2021-01-13 08:57:00,,1.05,,,213,213,,14.11,0.0,0.5,2.75,0.0,0.3,17.66,0.0
,2021-01-13 08:16:00,2021-01-13 08:37:00,,112257.1,,,213,248,,14.11,0.0,0.5,2.75,0.0,0.3,17.66,0.0
,2021-01-13 08:39:00,2021-01-13 08:50:00,,3.26,,,13,246,,12.38,0.0,0.5,2.59,0.0,0.3,18.27,2.5
,2021-01-13 08:44:00,2021-01-13 08:52:00,,1.55,,,236,237,,7.91,0.0,0.5,1.73,0.0,0.3,12.94,2.5
,2021-01-13 08:20:00,2021-01-13 09:00:00,,7.8,,,37,123,,32.46,0.0,0.5,2.75,0.0,0.3,36.01,0.0
,2021-01-13 08:01:32,2021-01-13 08:01:03,,4.5,,,265,181,,31.2,0.0,0.5,0.0,0.0,0.3,32.0,0.0
,2021-01-13 08:22:03,2021-01-13 08:29:55,,1.5,,,229,137,,7.5,0.0,0.5,2.16,0.0,0.3,12.96,2.5
,2021-01-13 08:01:42,2021-01-13 08:01:49,,10.19,,,265,140,,33.57,0.0,0.5,0.0,0.0,0.3,34.37,0.0
,2021-01-13 08:44:56,2021-01-13 08:49:50,,0.07,,,181,181,,18.65,0.0,0.5,2.75,0.0,0.3,22.2,0.0
,2021-01-13 08:01:59,2021-01-13 08:28:00,,5.1,,,94,74,,29.44,0.0,0.5,2.75,0.0,0.3,32.99,0.0
,2021-01-13 08:51:17,2021-01-13 09:22:13,,3.58,,,42,236,,22.86,0.0,0.5,2.75,0.0,0.3,26.41,0.0
,2021-01-13 08:49:00,2021-01-13 09:26:00,,8.96,,,231,193,,36.2,0.0,0.5,0.0,0.0,0.3,39.5,2.5
,2021-01-13 08:10:00,2021-01-13 08:26:00,,2.71,,,231,25,,18.7,0.0,0.5,0.0,0.0,0.3,22.0,2.5
,2021-01-13 08:05:46,2021-01-13 08:29:49,,11.71,,,25,74,,41.41,0.0,0.5,2.75,0.0,0.3,44.96,0.0
,2021-01-13 08:06:06,2021-01-13 08:29:15,,8.03,,,130,76,,30.41,0.0,0.5,2.75,0.0,0.3,33.96,0.0
,2021-01-13 08:11:14,2021-01-13 08:22:34,,2.39,,,90,231,,12.39,0.0,0.5,4.11,0.0,0.3,19.8,2.5
,2021-01-13 08:50:35,2021-01-13 08:59:19,,1.1,,,170,234,,7.5,0.0,0.5,2.16,0.0,0.3,12.96,2.5
,2021-01-06 13:08:27,2021-01-06 13:30:07,,2.36,,,181,61,,14.95,0.0,0.5,2.75,0.0,0.3,18.5,0.0
,2021-01-06 13:01:40,2021-01-06 13:01:04,,5.98,,,265,249,,22.21,0.0,0.5,0.0,0.0,0.3,23.01,0.0
,2021-01-06 13:01:46,2021-01-06 14:01:04,,11.81,,,265,78,,32.88,0.0,0.5,0.0,0.0,0.3,33.68,0.0
,2021-01-06 13:37:28,2021-01-06 13:46:47,,1.2,,,48,170,,7.5,0.0,0.5,2.16,0.0,0.3,12.96,2.5
,2021-01-06 13:37:14,2021-01-06 13:54:37,,2.1,,,61,97,,18.65,0.0,0.5,2.75,0.0,0.3,22.2,0.0
,2021-01-06 13:50:00,2021-01-06 14:27:00,,7.1,,,33,76,,30.49,0.0,0.5,2.75,0.0,0.3,34.04,0.0
,2021-01-06 13:20:00,2021-01-06 13:31:00,,1.63,,,65,49,,20.43,0.0,0.5,2.75,0.0,0.3,23.98,0.0
,2021-01-06 13:49:19,2021-01-06 14:04:20,,5.0,,,234,88,,17.5,0.0,0.5,3.12,0.0,0.3,23.92,2.5
,2021-01-06 13:19:55,2021-01-06 13:29:17,,1.38,,,237,142,,16.0,0.0,0.5,2.75,0.0,0.3,19.55,0.0
,2021-01-06 13:48:34,2021-01-06 14:05:34,,2.09,,,143,141,,16.0,0.0,0.5,2.75,0.0,0.3,19.55,0.0
,2021-01-06 13:58:00,2021-01-06 14:11:00,,2.34,,,129,57,,15.39,0.0,0.5,2.75,0.0,0.3,18.94,0.0
,2021-01-06 13:02:02,2021-01-06 13:28:40,,14.97,,,19,69,,53.03,0.0,0.5,2.75,6.12,0.3,62.7,0.0
,2021-01-06 13:27:00,2021-01-06 14:55:00,,9.16,,,231,74,,45.9,0.0,0.5,0.0,0.0,0.3,49.2,2.5
,2021-01-06 13:59:00,2021-01-06 14:09:00,,2.56,,,15,252,,26.56,0.0,0.5,2.75,0.0,0.3,30.11,0.0
,2021-01-06 13:01:54,2021-01-06 13:01:04,,14.98,,,265,15,,50.33,0.0,0.5,0.0,0.0,0.3,51.13,0.0
,2021-01-06 13:12:00,2021-01-06 13:52:00,,13.57,,,170,76,,29.53,0.0,0.5,2.75,6.12,0.3,39.2,0.0
,2021-01-06 13:37:00,2021-01-06 14:03:00,,9.31,,,168,4,,25.92,0.0,0.5,2.75,6.12,0.3,35.59,0.0
,2021-01-06 13:07:53,2021-01-06 13:31:38,,8.51,,,179,82,,20.95,0.0,0.5,2.75,0.0,0.3,24.5,0.0
,2021-01-06 13:10:00,2021-01-06 13:22:00,,0.99,,,90,68,,14.95,0.0,0.5,2.75,0.0,0.3,18.5,0.0
,2021-01-06 13:04:44,2021-01-06 13:33:43,,10.3,,,169,100,,39.41,0.0,0.5,2.75,0.0,0.3,42.96,0.0
,2021-01-06 13:01:59,2021-01-06 14:01:12,,3.87,,,265,77,,27.08,0.0,0.5,0.0,0.0,0.3,27.88,0.0
,2021-01-06 13:01:34,2021-01-06 13:01:07,,0.37,,,265,92,,28.2,0.0,0.5,0.0,0.0,0.3,29.0,0.0
,2021-01-06 13:47:03,2021-01-06 14:09:01,,9.93,,,186,138,,35.33,0.0,0.5,2.75,6.12,0.3,45.0,0.0
,2021-01-06 13:01:15,2021-01-06 13:01:04,,7.66,,,265,56,,25.78,0.0,0.5,0.0,0.0,0.3,26.58,0.0
,2021-01-06 13:28:52,2021-01-06 13:33:31,,0.9,,,183,242,,13.12,0.0,0.5,2.75,0.0,0.3,16.67,0.0
,2021-01-06 13:35:48,2021-01-06 14:01:34,,10.36,,,237,200,,36.7,0.0,0.5,2.75,2.8,0.3,43.05,0.0
,2021-01-06 13:29:05,2021-01-06 13:36:55,,1.6,,,76,76,,14.93,0.0,0.5,2.75,0.0,0.3,18.48,0.0
,2021-01-06 13:03:08,2021-01-06 13:13:21,,1.74,,,39,222,,14.93,0.0,0.5,2.75,0.0,0.3,18.48,0.0
,2021-01-06 13:01:19,2021-01-06 14:01:03,,8.23,,,265,25,,24.03,0.0,0.5,0.0,0.0,0.3,24.83,0.0
,2021-01-06 13:54:37,2021-01-06 14:01:53,,0.31,,,173,173,,15.39,0.0,0.5,2.75,0.0,0.3,18.94,0.0
,2021-01-06 13:28:00,2021-01-06 13:52:00,,17.47,,,65,250,,58.43,0.0,0.5,2.75,6.12,0.3,68.1,0.0
,2021-01-06 13:52:00,2021-01-06 14:14:00,,4.27,,,45,158,,18.15,0.0,0.5,2.75,0.0,0.3,21.7,0.0
,2021-01-06 13:10:00,2021-01-06 13:45:00,,17.13,,,77,168,,42.84,0.0,0.5,2.75,6.12,0.3,52.51,0.0
,2021-01-06 13:01:14,2021-01-06 13:01:04,,4.92,,,265,181,,21.29,0.0,0.5,0.0,0.0,0.3,22.09,0.0
,2021-01-06 13:01:56,2021-01-06 14:01:04,,2.34,,,265,89,,19.2,0.0,0.5,0.0,0.0,0.3,20.0,0.0
,2021-01-06 13:59:00,2021-01-06 14:10:00,,2.15,,,257,188,,18.45,0.0,0.5,2.75,0.0,0.3,22.0,0.0
,2021-01-06 13:52:54,2021-01-06 14:15:44,,5.0,,,36,124,,48.85,0.0,0.5,2.75,0.0,0.3,52.4,0.0
,2021-01-06 13:02:32,2021-01-06 13:25:17,,3.15,,,225,71,,20.87,0.0,0.5,2.75,0.0,0.3,24.42,0.0
,2021-01-06 13:53:04,2021-01-06 14:10:20,,5.3,,,213,74,,18.66,0.0,0.5,2.75,6.12,0.3,28.33,0.0
,2021-01-06 13:44:00,2021-01-06 13:53:00,,4.39,,,39,154,,23.29,0.0,0.5,2.75,0.0,0.3,26.84,0.0
,2021-01-06 14:05:00,2021-01-06 14:25:00,,8.63,,,252,226,,33.52,0.0,0.5,2.75,0.0,0.3,37.07,0.0
,2021-01-06 14:09:00,2021-01-06 14:26:00,,4.51,,,243,41,,20.85,0.0,0.5,2.75,0.0,0.3,24.4,0.0
,2021-01-06 14:53:25,2021-01-06 15:24:22,,9.16,,,50,243,,33.58,0.0,0.5,2.75,0.0,0.3,37.13,0.0
,2021-01-06 14:24:12,2021-01-06 14:37:14,,2.1,,,237,239,,10.5,0.0,0.5,2.07,0.0,0.3,15.87,2.5
,2021-01-06 14:57:00,2021-01-06 15:33:00,,21.12,,,224,156,,49.61,0.0,0.5,2.75,12.24,0.3,65.4,0.0
,2021-01-06 14:18:34,2021-01-06 14:26:20,,1.2,,,48,162,,7.0,0.0,0.5,2.06,0.0,0.3,12.36,2.5
,2021-01-06 14:45:41,2021-01-06 15:05:16,,3.7,,,239,234,,15.5,0.0,0.5,2.82,0.0,0.3,21.62,2.5
,2021-01-06 14:53:00,2021-01-06 15:09:00,,2.4,,,188,35,,18.45,0.0,0.5,2.75,0.0,0.3,22.0,0.0
,2021-01-06 14:26:00,2021-01-06 14:43:00,,2.3,,,39,72,,21.95,0.0,0.5,2.75,0.0,0.3,25.5,0.0
,2021-01-06 14:40:00,2021-01-06 14:52:00,,1.22,,,107,4,,13.16,0.0,0.5,2.75,0.0,0.3,16.71,0.0
,2021-01-08 12:07:13,2021-01-08 12:56:36,,15.22,,,17,41,,45.22,0.0,0.5,2.75,6.12,0.3,54.89,0.0
,2021-01-08 12:01:12,2021-01-08 12:01:05,,6.07,,,265,135,,18.73,0.0,0.5,0.0,0.0,0.3,19.53,0.0
,2021-01-08 12:46:00,2021-01-08 13:05:00,,6.51,,,56,9,,36.12,0.0,0.5,2.75,0.0,0.3,39.67,0.0
,2021-01-08 12:27:00,2021-01-08 12:59:00,,8.44,,,51,47,,33.16,0.0,0.5,2.75,0.0,0.3,36.71,0.0
,2021-01-08 12:25:54,2021-01-08 12:47:39,,6.14,,,159,129,,26.21,0.0,0.5,2.75,6.12,0.3,35.88,0.0
,2021-01-08 12:57:00,2021-01-08 13:23:00,,11.18,,,79,213,,37.15,0.0,0.5,2.75,0.0,0.3,40.7,0.0
,2021-01-08 12:21:00,2021-01-08 12:54:00,,9.49,,,42,144,,30.98,0.0,0.5,9.09,0.0,0.3,43.37,2.5
,2021-01-08 12:01:02,2021-01-08 13:01:02,,2.4,,,265,72,,15.2,0.0,0.5,0.0,0.0,0.3,16.0,0.0
,2021-01-08 12:01:12,2021-01-08 12:01:04,,12.25,,,265,124,,32.9,0.0,0.5,0.0,0.0,0.3,33.7,0.0
,2021-01-08 12:39:00,2021-01-08 12:55:00,,2.41,,,165,149,,18.45,0.0,0.5,2.75,0.0,0.3,22.0,0.0
,2021-01-08 12:03:44,2021-01-08 12:16:13,,3.99,,,223,168,,23.39,0.0,0.5,2.75,6.12,0.3,33.06,0.0
,2021-01-08 12:01:20,2021-01-08 12:01:04,,6.33,,,265,47,,35.17,0.0,0.5,0.0,0.0,0.3,35.97,0.0
,2021-01-08 12:25:00,2021-01-08 12:53:00,,7.85,,,238,12,,30.77,0.0,0.5,2.75,0.0,0.3,34.32,0.0
,2021-01-08 12:25:00,2021-01-08 13:06:00,,20.33,,,231,51,,57.88,0.0,0.5,2.75,6.12,0.3,67.55,0.0
,2021-01-08 12:01:30,2021-01-08 12:01:03,,14.83,,,265,75,,38.96,0.0,0.5,0.0,0.0,0.3,39.76,0.0
,2021-01-08 12:49:01,2021-01-08 13:11:09,,4.3,,,113,236,,18.0,0.0,0.5,3.2,0.0,0.3,24.5,2.5
,2021-01-08 12:53:00,2021-01-08 13:11:00,,7.57,,,137,42,,27.73,0.0,0.5,2.75,0.0,0.3,31.28,0.0
,2021-01-08 12:33:00,2021-01-08 12:37:00,,0.6,,,137,170,,13.16,0.0,0.5,2.75,0.0,0.3,16.71,0.0
,2021-01-08 12:13:58,2021-01-08 12:17:15,,0.7,,,239,238,,5.0,0.0,0.5,1.25,0.0,0.3,9.55,2.5
,2021-01-08 12:09:00,2021-01-08 13:00:00,,14.77,,,35,75,,36.21,0.0,0.5,2.75,0.0,0.3,39.76,0.0
,2021-01-08 12:16:00,2021-01-08 12:37:00,,11.28,,,170,171,,37.59,0.0,0.5,2.75,6.12,0.3,47.26,0.0
,2021-01-08 12:57:45,2021-01-08 13:08:26,,0.0,,,144,164,,7.7,0.0,0.5,2.2,0.0,0.3,15.2,2.5
,2021-01-08 12:17:00,2021-01-08 12:26:00,,1.22,,,236,140,,17.0,0.0,0.5,2.75,0.0,0.3,20.55,0.0
,2021-01-08 12:56:00,2021-01-08 13:15:00,,3.63,,,242,78,,25.45,0.0,0.5,2.75,0.0,0.3,29.0,0.0
,2021-01-08 12:14:00,2021-01-08 13:07:00,,21.59,,,237,76,,34.47,0.0,0.5,2.75,6.12,0.3,44.14,0.0
,2021-01-08 12:28:00,2021-01-08 12:39:00,,1.31,,,232,261,,7.0,0.0,0.5,2.1,0.0,0.3,12.4,2.5
,2021-01-08 12:15:43,2021-01-08 12:37:27,,4.63,,,146,113,,19.73,0.0,0.5,2.75,6.12,0.3,29.4,0.0
,2021-01-08 12:52:00,2021-01-08 13:26:00,,8.98,,,114,41,,39.45,0.0,0.5,2.75,0.0,0.3,43.0,0.0
,2021-01-08 12:52:00,2021-01-08 13:29:00,,7.92,,,68,61,,29.89,0.0,0.5,2.75,0.0,0.3,33.44,0.0
,2021-01-08 12:32:00,2021-01-08 12:39:00,,1.61,,,163,164,,16.63,0.0,0.5,2.75,0.0,0.3,20.18,0.0
,2021-01-08 12:32:00,2021-01-08 12:45:00,,2.01,,,208,185,,13.12,0.0,0.5,2.75,0.0,0.3,16.67,0.0
,2021-01-08 12:33:33,2021-01-08 13:07:43,,11.94,,,51,75,,42.72,0.0,0.5,2.75,0.0,0.3,46.27,0.0
,2021-01-08 12:21:34,2021-01-08 12:37:14,,2.79,,,155,71,,18.45,0.0,0.5,2.75,0.0,0.3,22.0,0.0
,2021-01-08 12:19:00,2021-01-08 13:05:00,,11.91,,,72,140,,28.0,0.0,0.5,2.75,6.12,0.3,37.67,0.0
,2021-01-08 12:18:31,2021-01-08 12:29:52,,2.4,,,211,66,,10.5,0.0,0.5,1.38,0.0,0.3,15.18,2.5
,2021-01-08 12:59:00,2021-01-08 13:38:00,,13.79,,,107,91,,32.62,0.0,0.5,2.75,6.12,0.3,42.29,0.0
,2021-01-08 12:44:08,2021-01-08 12:54:21,,1.49,,,97,33,,20.43,0.0,0.5,2.75,0.0,0.3,23.98,0.0
,2021-01-08 12:23:00,2021-01-08 12:55:45,,14.88,,,174,163,,25.69,0.0,0.5,2.75,14.55,0.3,43.79,0.0
,2021-01-08 12:01:01,2021-01-08 12:01:03,,13.08,,,265,177,,33.48,0.0,0.5,0.0,0.0,0.3,34.28,0.0
,2021-01-08 12:16:29,2021-01-08 12:42:34,,13.97,,,237,174,,36.55,0.0,0.5,2.75,2.8,0.3,42.9,0.0
,2021-01-08 12:53:57,2021-01-08 13:00:50,,0.77,,,174,18,,13.38,0.0,0.5,2.75,0.0,0.3,16.93,0.0
,2021-01-08 12:27:00,2021-01-08 12:39:00,,2.13,,,244,42,,16.17,0.0,0.5,2.75,0.0,0.3,19.72,0.0
,2021-01-08 12:52:00,2021-01-08 13:28:00,,18.44,,,42,228,,44.97,0.0,0.5,2.75,6.12,0.3,54.64,0.0
,2021-01-08 12:17:00,2021-01-08 12:28:00,,3.08,,,252,16,,21.95,0.0,0.5,2.75,0.0,0.3,25.5,0.0
,2021-01-08 12:41:00,2021-01-08 12:49:00,,3.66,,,16,252,,21.95,0.0,0.5,2.75,0.0,0.3,25.5,0.0
,2021-01-08 12:22:00,2021-01-08 12:48:00,,7.62,,,130,198,,37.38,0.0,0.5,2.75,0.0,0.3,40.93,0.0
,2021-01-08 12:41:22,2021-01-08 12:45:55,,0.5,,,43,163,,5.0,0.0,0.5,0.83,0.0,0.3,9.13,2.5
,2021-01-08 12:30:00,2021-01-08 12:49:00,,3.55,,,14,21,,18.91,0.0,0.5,2.75,0.0,0.3,22.46,0.0
,2021-01-08 12:29:39,2021-01-08 12:48:05,,2.99,,,123,29,,18.45,0.0,0.5,2.75,0.0,0.3,22.0,0.0
,2021-01-08 12:58:39,2021-01-08 13:37:52,,15.36,,,137,218,,36.29,0.0,0.5,2.75,15.62,0.3,55.46,0.0
,2021-01-12 13:33:00,2021-01-12 13:52:00,,4.75,,,52,114,,18.0,0.0,0.5,3.87,0.0,0.3,25.17,2.5
,2021-01-12 13:22:00,2021-01-12 13:56:00,,9.5,,,70,216,,42.2,0.0,0.5,0.0,0.0,0.3,43.0,0.0
,2021-01-12 13:01:09,2021-01-12 13:01:03,,0.87,,,265,51,,15.2,0.0,0.5,0.0,0.0,0.3,16.0,0.0
,2021-01-12 13:09:18,2021-01-12 13:27:59,,3.79,,,174,51,,24.12,0.0,0.5,2.75,0.0,0.3,27.67,0.0
,2021-01-12 13:23:00,2021-01-12 13:28:00,,0.68,,,74,74,,7.0,0.0,0.5,2.0,0.0,0.3,9.8,0.0
,2021-01-12 13:10:17,2021-01-12 14:10:08,,24.75,,,236,86,,57.17,0.0,0.5,2.75,6.12,0.3,66.84,0.0
,2021-01-12 13:48:07,2021-01-12 14:07:28,,2.9,,,239,233,,14.5,0.0,0.5,2.67,0.0,0.3,20.47,2.5
,2021-01-12 13:12:32,2021-01-12 13:30:40,,3.94,,,100,193,,19.73,0.0,0.5,2.75,6.12,0.3,29.4,0.0
,2021-01-12 13:43:00,2021-01-12 14:16:00,,12.23,,,26,170,,31.48,0.0,0.5,2.75,6.12,0.3,41.15,0.0
,2021-01-12 13:49:00,2021-01-12 14:20:00,,13.26,,,136,13,,53.75,0.0,0.5,2.75,0.0,0.3,57.3,0.0
,2021-01-12 13:25:00,2021-01-12 13:29:00,,0.6,,,113,234,,11.45,0.0,0.5,2.75,0.0,0.3,15.0,0.0
,2021-01-12 13:56:00,2021-01-12 14:14:00,,2.63,,,143,140,,11.95,0.0,0.5,3.19,0.0,0.3,18.44,2.5
,2021-01-12 13:26:00,2021-01-12 13:56:00,,11.34,,,70,191,,51.1,0.0,0.5,0.0,0.0,0.3,51.9,0.0
,2021-01-12 13:23:00,2021-01-12 13:54:00,,13.9,,,22,137,,35.7,0.0,0.5,2.75,6.12,0.3,45.37,0.0
,2021-01-12 13:44:00,2021-01-12 13:54:00,,1.83,,,124,124,,12.38,0.0,0.5,2.75,0.0,0.3,15.93,0.0
,2021-01-12 13:45:00,2021-01-12 14:04:00,,3.15,,,140,48,,22.2,0.0,0.5,0.0,0.0,0.3,25.5,2.5
,2021-01-12 13:29:00,2021-01-12 13:42:31,,1.86,,,107,68,,14.95,0.0,0.5,2.75,0.0,0.3,18.5,0.0
,2021-01-12 13:03:00,2021-01-12 13:19:00,,3.38,,,239,161,,23.58,0.0,0.5,2.75,0.0,0.3,27.13,0.0
,2021-01-12 13:50:00,2021-01-12 14:12:00,,7.54,,,170,247,,32.04,0.0,0.5,2.75,0.0,0.3,35.59,0.0
,2021-01-12 13:47:00,2021-01-12 14:19:00,,10.7,,,161,26,,42.23,0.0,0.5,2.75,6.12,0.3,51.9,0.0
,2021-01-12 13:20:00,2021-01-12 14:18:00,,20.95,,,188,242,,57.92,0.0,0.5,2.75,6.12,0.3,67.59,0.0
,2021-01-12 13:30:07,2021-01-12 13:48:59,,2.38,,,131,215,,18.45,0.0,0.5,2.75,0.0,0.3,22.0,0.0
,2021-01-12 13:01:47,2021-01-12 14:01:03,,7.01,,,265,222,,25.47,0.0,0.5,0.0,0.0,0.3,26.27,0.0
,2021-01-12 13:01:00,2021-01-12 13:24:00,,3.74,,,225,181,,32.57,0.0,0.5,2.75,0.0,0.3,36.12,0.0
,2021-01-12 13:00:31,2021-01-12 13:10:13,,1.64,,,17,177,,16.23,0.0,0.5,2.75,0.0,0.3,19.78,0.0
,2021-01-12 13:31:31,2021-01-12 13:53:35,,2.8,,,72,17,,20.87,0.0,0.5,2.75,0.0,0.3,24.42,0.0
,2021-01-12 13:41:32,2021-01-12 14:00:12,,2.5,,,170,263,,13.0,0.0,0.5,2.45,0.0,0.3,18.75,2.5
,2021-01-12 13:18:21,2021-01-12 13:51:24,,8.53,,,75,235,,28.95,0.0,0.5,2.75,0.0,0.3,32.5,0.0
,2021-01-12 13:02:00,2021-01-12 13:14:00,,1.39,,,119,244,,29.16,0.0,0.5,2.75,0.0,0.3,32.71,0.0
,2021-01-12 13:02:00,2021-01-12 13:30:00,,5.0,,,34,35,,20.43,0.0,0.5,2.75,0.0,0.3,23.98,0.0
,2021-01-12 13:53:00,2021-01-12 14:11:00,,3.49,,,188,49,,20.87,0.0,0.5,2.75,0.0,0.3,24.42,0.0
,2021-01-12 13:04:00,2021-01-12 13:38:00,,8.62,,,70,36,,38.7,0.0,0.5,0.0,0.0,0.3,39.5,0.0
,2021-01-12 13:05:00,2021-01-12 13:24:00,,3.41,,,123,26,,22.41,0.0,0.5,2.75,0.0,0.3,25.96,0.0
,2021-01-12 13:47:00,2021-01-12 13:51:00,,0.94,,,89,165,,19.32,0.0,0.5,2.75,0.0,0.3,22.87,0.0
,2021-01-12 13:58:00,2021-01-12 14:24:00,,4.19,,,89,49,,20.87,0.0,0.5,2.75,0.0,0.3,24.42,0.0
,2021-01-12 13:08:00,2021-01-12 13:31:00,,4.72,,,24,170,,23.58,0.0,0.5,2.75,0.0,0.3,27.13,0.0
,2021-01-12 13:50:00,2021-01-12 14:49:00,,23.49,,,150,75,,50.17,0.0,0.5,2.75,6.12,0.3,59.84,0.0
,2021-01-12 13:50:00,2021-01-12 14:06:00,,2.49,,,237,75,,17.0,0.0,0.5,2.75,0.0,0.3,20.55,0.0
,2021-01-12 13:01:00,2021-01-12 13:13:00,,3.2,,,33,144,,20.02,0.0,0.5,2.75,0.0,0.3,23.57,0.0
,2021-01-12 13:11:57,2021-01-12 13:28:02,,3.2,,,263,161,,13.5,0.0,0.5,1.68,0.0,0.3,18.48,2.5
,2021-01-12 13:32:25,2021-01-12 13:56:36,,7.62,,,107,260,,27.35,0.0,0.5,2.75,6.12,0.3,37.02,0.0
,2021-01-12 13:40:53,2021-01-12 13:50:54,,1.4,,,170,229,,8.0,0.0,0.5,1.7,0.0,0.3,13.0,2.5
,2021-01-12 13:54:18,2021-01-12 14:03:03,,1.26,,,193,7,,14.95,0.0,0.5,2.75,0.0,0.3,18.5,0.0
,2021-01-12 13:56:31,2021-01-12 14:00:54,,0.46,,,74,74,,24.15,0.0,0.5,2.75,0.0,0.3,27.7,0.0
,2021-01-12 13:56:02,2021-01-12 14:34:46,,7.35,,,236,212,,31.27,0.0,0.5,2.75,0.0,0.3,34.82,0.0
,2021-01-12 13:11:23,2021-01-12 13:42:51,,16.88,,,258,75,,35.94,0.0,0.5,2.75,6.12,0.3,45.61,0.0
,2021-01-12 13:01:34,2021-01-12 14:01:04,,3.44,,,265,247,,15.2,0.0,0.5,0.0,0.0,0.3,16.0,0.0
,2021-01-12 13:02:00,2021-01-12 13:23:00,,4.07,,,174,167,,22.71,0.0,0.5,2.75,0.0,0.3,26.26,0.0
,2021-01-12 13:01:28,2021-01-12 13:01:03,,4.26,,,265,170,,15.56,0.0,0.5,0.0,0.0,0.3,16.36,0.0
,2021-01-12 13:01:49,2021-01-12 13:01:00,,3.58,,,265,238,,15.2,0.0,0.5,0.0,0.0,0.3,16.0,0.0
,2021-01-02 14:21:00,2021-01-02 14:35:00,,1.24,,,174,254,,13.38,0.0,0.5,2.75,0.0,0.3,16.93,0.0
,2021-01-02 14:15:49,2021-01-02 14:34:36,,3.2,,,186,45,,14.5,0.0,0.5,2.67,0.0,0.3,20.47,2.5
,2021-01-02 14:56:43,2021-01-02 15:18:50,,4.41,,,76,61,,22.81,0.0,0.5,2.75,0.0,0.3,26.36,0.0
,2021-01-02 14:15:47,2021-01-02 15:03:23,,16.25,,,11,198,,42.14,0.0,0.5,2.75,0.0,0.3,45.69,0.0
,2021-01-02 14:11:45,2021-01-02 14:19:19,,0.55,,,262,263,,16.08,0.0,0.5,2.75,0.0,0.3,19.63,0.0
,2021-01-02 14:44:00,2021-01-02 15:24:00,,32.93,,,166,156,,62.95,0.0,0.5,2.75,37.5,0.3,104.0,0.0
,2021-01-02 14:35:28,2021-01-02 14:59:52,,12.14,,,179,122,,45.12,0.0,0.0,2.75,0.0,0.3,48.17,0.0
,2021-01-02 14:52:00,2021-01-02 15:07:00,,5.59,,,226,56,,20.95,0.0,0.5,2.75,0.0,0.3,24.5,0.0
,2021-01-02 14:16:22,2021-01-02 14:40:25,,10.56,,,75,254,,31.62,0.0,0.5,2.75,6.12,0.3,41.29,0.0
,2021-01-02 14:01:39,2021-01-02 14:01:48,,1.76,,,265,76,,19.2,0.0,0.5,0.0,0.0,0.3,20.0,0.0
,2021-01-02 14:01:55,2021-01-02 15:01:04,,6.84,,,265,215,,30.44,0.0,0.5,0.0,0.0,0.3,31.24,0.0
,2021-01-02 14:26:23,2021-01-02 14:51:11,,3.71,,,77,37,,26.33,0.0,0.5,2.75,0.0,0.3,29.88,0.0
,2021-01-02 14:59:00,2021-01-02 15:37:00,,13.22,,,140,10,,46.25,0.0,0.5,2.75,0.0,0.3,49.8,0.0
,2021-01-02 14:04:00,2021-01-02 14:27:00,,10.81,,,185,140,,34.81,0.0,0.5,2.75,6.12,0.3,44.48,0.0
,2021-01-02 14:43:55,2021-01-02 15:00:00,,2.6,,,143,236,,12.5,0.0,0.5,1.58,0.0,0.3,17.38,2.5
,2021-01-02 14:52:00,2021-01-02 15:30:00,,10.84,,,116,45,,40.61,0.0,0.5,2.75,0.0,0.3,44.16,0.0
,2021-01-02 14:33:00,2021-01-02 15:10:00,,9.21,,,233,188,,27.76,0.0,0.5,2.75,0.0,0.3,31.31,0.0
,2021-01-02 14:50:40,2021-01-02 14:56:12,,0.85,,,205,205,,11.96,0.0,0.5,2.75,6.12,0.3,21.63,0.0
,2021-01-02 14:50:00,2021-01-02 15:13:00,,4.41,,,41,68,,28.76,0.0,0.5,2.75,0.0,0.3,32.31,0.0
,2021-01-02 14:37:00,2021-01-02 15:08:00,,8.74,,,166,185,,27.93,0.0,0.5,2.75,0.0,0.3,31.48,0.0
,2021-01-02 14:25:45,2021-01-02 14:56:41,,6.21,,,91,181,,32.45,0.0,0.5,2.75,0.0,0.3,36.0,0.0
,2021-01-02 14:01:12,2021-01-02 14:01:04,,0.79,,,265,130,,15.2,0.0,0.5,0.0,0.0,0.3,16.0,0.0
,2021-01-02 14:01:14,2021-01-02 14:01:03,,14.01,,,265,55,,46.2,0.0,0.5,0.0,0.0,0.3,47.0,0.0
,2021-01-02 14:03:00,2021-01-02 14:36:00,,11.9,,,42,65,,34.34,0.0,0.5,4.62,0.0,0.3,42.26,2.5
,2021-01-02 14:03:22,2021-01-02 14:09:40,,1.2,,,238,142,,6.5,0.0,0.5,1.47,0.0,0.3,11.27,2.5
,2021-01-02 14:52:00,2021-01-02 15:16:00,,6.74,,,75,68,,24.46,0.0,0.5,2.75,0.0,0.3,28.01,0.0
,2021-01-02 14:04:22,2021-01-02 14:43:09,,8.48,,,263,37,,36.21,0.0,0.5,2.75,0.0,0.3,39.76,0.0
,2021-01-02 14:06:00,2021-01-02 14:28:00,,7.46,,,213,263,,22.41,0.0,0.5,2.75,6.12,0.3,32.08,0.0
,2021-01-02 14:39:00,2021-01-02 15:02:00,,8.27,,,232,41,,33.26,0.0,0.5,2.75,0.0,0.3,36.81,0.0
,2021-01-02 14:59:28,2021-01-02 15:13:59,,2.4,,,246,163,,11.5,0.0,0.5,1.48,0.0,0.3,16.28,2.5
,2021-01-02 14:09:19,2021-01-02 14:31:16,,9.83,,,68,127,,42.95,0.0,0.5,2.75,0.0,0.3,46.5,0.0
,2021-01-02 14:26:00,2021-01-02 14:35:00,,1.57,,,116,42,,13.43,0.0,0.5,2.75,0.0,0.3,16.98,0.0
,2021-01-02 14:32:00,2021-01-02 15:08:00,,15.54,,,140,215,,47.91,0.0,0.5,2.75,6.12,0.3,57.58,0.0
,2021-01-02 14:31:39,2021-01-02 15:05:54,,9.03,,,210,195,,31.17,0.0,0.5,2.75,0.0,0.3,34.72,0.0
,2021-01-02 14:00:11,2021-01-02 14:30:29,,5.78,,,89,61,,26.71,0.0,0.5,2.75,0.0,0.3,30.26,0.0
,2021-01-02 14:50:00,2021-01-02 15:00:00,,2.13,,,161,234,,16.63,0.0,0.5,2.75,0.0,0.3,20.18,0.0
,2021-01-02 14:04:25,2021-01-02 14:16:48,,2.09,,,39,35,,22.81,0.0,0.5,2.75,0.0,0.3,26.36,0.0
,2021-01-02 14:28:44,2021-01-02 14:35:58,,1.02,,,72,35,,16.23,0.0,0.5,2.75,0.0,0.3,19.78,0.0
,2021-01-02 14:20:00,2021-01-02 14:51:00,,5.91,,,36,91,,32.45,0.0,0.5,2.75,0.0,0.3,36.0,0.0
,2021-01-02 14:39:00,2021-01-02 14:56:00,,5.95,,,216,96,,31.49,0.0,0.5,2.75,0.0,0.3,35.04,0.0
,2021-01-02 14:30:09,2021-01-02 14:38:22,,1.5,,,239,161,,7.5,0.0,0.5,3.24,0.0,0.3,14.04,2.5
,2021-01-02 14:45:36,2021-01-02 15:00:28,,2.2,,,236,143,,12.0,0.0,0.5,1.53,0.0,0.3,16.83,2.5
,2021-01-02 14:17:00,2021-01-02 14:46:00,,12.5,,,13,243,,32.64,0.0,0.5,20.0,0.0,0.3,55.94,2.5
,2021-01-02 14:40:56,2021-01-02 14:52:17,,1.7,,,161,236,,10.0,0.0,0.5,2.66,0.0,0.3,15.96,2.5
,2021-01-02 14:44:53,2021-01-02 14:54:40,,1.67,,,167,247,,18.45,0.0,0.5,2.75,0.0,0.3,22.0,0.0
,2021-01-02 14:01:40,2021-01-02 14:01:02,,2.39,,,265,167,,15.2,0.0,0.5,0.0,0.0,0.3,16.0,0.0
,2021-01-02 14:01:28,2021-01-02 14:01:03,,6.49,,,265,151,,20.52,0.0,0.5,0.0,0.0,0.3,21.32,0.0
,2021-01-02 14:01:34,2021-01-02 15:01:02,,3.97,,,265,258,,15.2,0.0,0.5,0.0,0.0,0.3,16.0,0.0
,2021-01-02 14:35:06,2021-01-02 14:47:37,,4.95,,,82,28,,27.2,0.0,0.5,2.75,0.0,0.3,30.75,0.0
,2021-01-02 14:17:21,2021-01-02 14:38:31,,3.83,,,22,14,,21.01,0.0,0.5,2.75,0.0,0.3,24.56,0.0
,2021-01-11 20:03:33,2021-01-11 20:13:57,,3.05,,,74,126,,21.95,0.0,0.5,2.75,0.0,0.3,25.5,0.0
,2021-01-11 20:23:17,2021-01-11 20:44:37,,9.94,,,41,254,,34.19,0.0,0.5,2.75,0.0,0.3,37.74,0.0
,2021-01-11 20:01:31,2021-01-11 20:36:37,,15.19,,,129,89,,40.8,0.0,0.5,2.75,0.0,0.3,44.35,0.0
,2021-01-11 20:00:32,2021-01-11 20:17:45,,5.53,,,213,18,,22.59,0.0,0.5,2.75,0.0,0.3,26.14,0.0
,2021-01-11 20:36:44,2021-01-11 20:49:15,,3.41,,,47,74,,23.82,0.0,0.5,2.75,0.0,0.3,27.37,0.0
,2021-01-11 20:01:00,2021-01-11 20:05:00,,0.87,,,40,52,,7.0,0.0,0.5,1.6,0.0,0.3,9.4,0.0
,2021-01-11 20:17:22,2021-01-11 20:32:58,,6.43,,,56,258,,16.34,0.0,0.5,0.0,0.0,0.3,17.14,0.0
,2021-01-11 20:35:00,2021-01-11 20:57:00,,8.12,,,159,70,,42.2,0.0,0.5,0.0,0.0,0.3,43.0,0.0
,2021-01-11 20:08:00,2021-01-11 20:44:00,,16.73,,,129,201,,48.28,0.0,0.5,2.75,2.29,0.3,54.12,0.0
,2021-01-11 20:38:48,2021-01-11 20:55:36,,4.51,,,229,24,,19.1,0.0,0.5,4.76,0.0,0.3,27.16,2.5
,2021-01-11 20:55:00,2021-01-11 21:25:00,,11.89,,,237,181,,35.24,0.0,0.5,2.75,0.0,0.3,38.79,0.0
,2021-01-11 20:18:00,2021-01-11 21:07:00,,24.42,,,72,259,,64.78,0.0,0.5,2.75,6.12,0.3,74.45,0.0
,2021-01-11 20:42:00,2021-01-11 20:51:00,,2.5,,,148,97,,10.96,0.0,0.5,1.0,0.0,0.3,15.26,2.5
,2021-01-11 20:11:00,2021-01-11 20:34:00,,12.81,,,228,140,,35.91,0.0,0.5,8.3,0.0,0.3,47.51,2.5
,2021-01-11 20:37:07,2021-01-11 20:56:15,,11.04,,,135,208,,30.61,0.0,0.5,2.75,6.12,0.3,40.28,0.0
,2021-01-11 20:55:07,2021-01-11 21:01:40,,1.93,,,236,41,,7.98,0.0,0.5,2.9,0.0,0.3,14.18,2.5
,2021-01-11 20:01:25,2021-01-11 20:01:03,,8.0,,,265,188,,28.67,0.0,0.5,0.0,0.0,0.3,29.47,0.0
,2021-01-11 20:57:00,2021-01-11 21:21:00,,14.07,,,65,131,,47.92,0.0,0.5,2.75,0.0,0.3,51.47,0.0
,2021-01-11 20:01:15,2021-01-11 21:01:02,,12.33,,,265,243,,32.41,0.0,0.5,0.0,0.0,0.3,33.21,0.0
,2021-01-11 20:01:51,2021-01-11 20:01:04,,0.68,,,265,61,,15.2,0.0,0.5,0.0,0.0,0.3,16.0,0.0
,2021-01-11 20:37:21,2021-01-11 20:55:19,,7.5,,,162,33,,22.5,0.5,0.5,2.63,0.0,0.3,28.93,2.5
,2021-01-11 20:12:36,2021-01-11 20:22:04,,1.76,,,61,177,,16.23,0.0,0.5,2.75,0.0,0.3,19.78,0.0
,2021-01-11 20:38:01,2021-01-11 21:09:17,,20.64,,,61,51,,55.53,0.0,0.5,2.75,6.12,0.3,65.2,0.0
,2021-01-11 20:58:00,2021-01-11 21:18:00,,8.54,,,121,223,,33.52,0.0,0.5,2.75,0.0,0.3,37.07,0.0
,2021-01-11 20:04:22,2021-01-11 20:17:30,,2.8,,,264,264,,11.5,0.5,0.5,1.92,0.0,0.3,14.72,0.0
,2021-01-11 20:14:00,2021-01-11 20:33:00,,9.0,,,50,119,,34.99,0.0,0.5,2.75,0.0,0.3,38.54,0.0
,2021-01-11 20:30:00,2021-01-11 20:47:00,,6.99,,,97,89,,32.45,0.0,0.5,2.75,0.0,0.3,36.0,0.0
,2021-01-11 20:50:04,2021-01-11 20:55:51,,1.0,,,162,141,,6.0,0.5,0.5,1.47,0.0,0.3,11.27,2.5
,2021-01-11 20:01:37,2021-01-11 20:01:02,,15.71,,,265,142,,45.62,0.0,0.5,0.0,0.0,0.3,46.42,0.0
,2021-01-11 20:56:53,2021-01-11 21:29:07,,20.53,,,155,246,,34.09,0.0,0.5,2.75,6.12,0.3,43.76,0.0
,2021-01-11 20:04:59,2021-01-11 20:31:28,,6.63,,,25,91,,24.9,0.0,0.5,2.75,0.0,0.3,28.45,0.0
,2021-01-11 20:29:00,2021-01-11 20:40:00,,1.29,,,75,263,,16.08,0.0,0.5,2.75,0.0,0.3,19.63,0.0
,2021-01-11 20:49:00,2021-01-11 21:00:00,,3.86,,,141,79,,17.59,0.0,0.5,2.75,0.0,0.3,21.14,0.0
,2021-01-11 20:18:01,2021-01-11 20:33:42,,3.8,,,100,13,,15.0,0.5,0.5,2.82,0.0,0.3,21.62,2.5
,2021-01-11 20:21:00,2021-01-11 20:52:00,,21.33,,,263,203,,48.0,0.0,0.5,2.75,6.12,0.3,57.67,0.0
,2021-01-11 20:53:06,2021-01-11 21:02:45,,2.4,,,230,236,,10.0,0.5,0.5,2.76,0.0,0.3,16.56,2.5
,2021-01-11 21:19:00,2021-01-11 21:45:00,,16.26,,,10,247,,53.03,0.0,0.5,2.75,6.12,0.3,62.7,0.0
,2021-01-11 21:31:00,2021-01-11 22:24:00,,26.57,,,20,62,,52.98,0.0,0.5,2.75,12.24,0.3,68.77,0.0
,2021-01-11 21:55:00,2021-01-11 22:22:00,,17.06,,,107,191,,52.66,0.0,0.5,2.75,0.0,0.3,56.21,0.0
,2021-01-11 21:15:00,2021-01-11 21:34:00,,6.78,,,74,94,,23.32,0.0,0.5,2.75,6.12,0.3,32.99,0.0
,2021-01-11 21:21:01,2021-01-11 21:48:26,,8.11,,,71,107,,33.87,0.0,0.5,2.75,0.0,0.3,37.42,0.0
,2021-01-11 21:31:00,2021-01-11 21:50:00,,4.59,,,7,82,,20.95,0.0,0.5,2.75,0.0,0.3,24.5,0.0
,2021-01-11 21:26:00,2021-01-11 21:57:00,,19.08,,,7,39,,33.51,0.0,0.5,2.75,0.0,0.3,37.06,0.0
,2021-01-11 21:07:00,2021-01-11 21:45:00,,12.91,,,75,62,,36.21,0.0,0.5,2.75,0.0,0.3,39.76,0.0
,2021-01-11 21:29:00,2021-01-11 21:36:00,,1.92,,,161,262,,9.65,0.0,0.5,3.36,0.0,0.3,16.31,2.5
,2021-01-11 21:51:05,2021-01-11 22:05:08,,3.91,,,140,41,,21.79,0.0,0.5,2.75,0.0,0.3,25.34,0.0
,2021-01-11 21:01:36,2021-01-11 21:13:43,,0.0,,,211,33,,11.2,0.5,0.5,3.0,0.0,0.3,20.0,2.5
,2021-01-11 21:57:00,2021-01-11 22:15:00,,3.33,,,116,74,,13.78,0.0,0.5,3.09,0.0,0.3,17.67,0.0
,2021-01-11 21:48:50,2021-01-11 22:19:39,,16.56,,,205,259,,52.24,0.0,0.5,2.75,6.12,0.3,61.91,0.0
,2021-01-11 21:35:00,2021-01-11 21:47:00,,3.15,,,144,246,,13.68,0.0,0.5,1.0,0.0,0.3,17.98,2.5
,2021-01-13 14:21:00,2021-01-13 14:37:00,,2.45,,,239,141,,18.55,0.0,0.5,2.75,0.0,0.3,22.1,0.0
,2021-01-13 14:29:00,2021-01-13 14:47:00,,6.63,,,141,66,,32.27,0.0,0.5,2.75,0.0,0.3,35.82,0.0
,2021-01-13 14:41:37,2021-01-13 14:59:17,,2.05,,,237,142,,16.0,0.0,0.5,2.75,0.0,0.3,19.55,0.0
,2021-01-13 14:18:00,2021-01-13 14:47:00,,8.87,,,21,209,,36.83,0.0,0.5,2.75,6.12,0.3,46.5,0.0
,2021-01-13 14:22:00,2021-01-13 14:46:00,,3.52,,,185,167,,26.77,0.0,0.5,2.75,0.0,0.3,30.32,0.0
,2021-01-13 14:40:00,2021-01-13 15:03:00,,8.23,,,170,40,,17.93,0.0,0.5,2.75,6.12,0.3,27.6,0.0
,2021-01-13 14:27:00,2021-01-13 14:47:00,,2.51,,,166,74,,14.88,0.0,0.5,3.33,0.0,0.3,19.01,0.0
,2021-01-13 14:51:46,2021-01-13 15:05:51,,2.16,,,75,42,,22.86,0.0,0.5,2.75,0.0,0.3,26.41,0.0
,2021-01-13 14:23:00,2021-01-13 14:49:00,,4.47,,,76,198,,28.95,0.0,0.5,2.75,0.0,0.3,32.5,0.0
,2021-01-13 14:57:47,2021-01-13 15:21:24,,10.3,,,138,141,,30.5,0.0,0.5,7.98,6.12,0.3,47.9,2.5
,2021-01-13 14:57:00,2021-01-13 15:37:00,,16.91,,,256,130,,57.92,0.0,0.5,2.75,0.0,0.3,61.47,0.0
,2021-01-13 14:55:00,2021-01-13 15:13:00,,3.02,,,242,18,,19.07,0.0,0.5,2.75,0.0,0.3,22.62,0.0
,2021-01-13 14:33:30,2021-01-13 15:23:23,,8.62,,,177,170,,27.76,0.0,0.5,2.75,0.0,0.3,31.31,0.0
,2021-01-13 14:15:51,2021-01-13 14:52:43,,14.52,,,196,241,,50.33,0.0,0.5,2.75,6.12,0.3,60.0,0.0
,2021-01-13 14:41:13,2021-01-13 14:43:09,,0.4,,,238,239,,3.5,0.0,0.5,1.02,0.0,0.3,7.82,2.5
,2021-01-13 14:54:04,2021-01-13 15:22:12,,4.47,,,20,42,,13.89,0.0,0.5,2.75,11.75,0.3,29.19,0.0
,2021-01-13 14:06:08,2021-01-13 14:40:21,,7.76,,,51,136,,12.37,0.0,0.5,2.75,11.75,0.3,27.67,0.0
,2021-01-13 14:01:20,2021-01-13 14:01:46,,1.8,,,265,76,,28.2,0.0,0.5,0.0,0.0,0.3,29.0,0.0
,2021-01-13 14:25:30,2021-01-13 14:31:00,,0.71,,,74,75,,20.15,0.0,0.5,2.75,0.0,0.3,23.7,0.0
,2021-01-13 14:01:42,2021-01-13 15:01:04,,8.44,,,265,137,,43.61,0.0,0.5,0.0,0.0,0.3,44.41,0.0
,2021-01-13 14:01:12,2021-01-13 15:01:04,,6.34,,,265,186,,24.45,0.0,0.5,0.0,0.0,0.3,25.25,0.0
,2021-01-13 14:16:54,2021-01-13 14:28:32,,1.17,,,74,152,,17.19,0.0,0.5,2.75,0.0,0.3,20.74,0.0
,2021-01-13 14:30:00,2021-01-13 14:43:00,,3.17,,,244,127,,21.95,0.0,0.5,2.75,0.0,0.3,25.5,0.0
,2021-01-13 14:27:00,2021-01-13 14:47:00,,8.01,,,259,168,,30.81,0.0,0.5,2.75,0.0,0.3,34.36,0.0
,2021-01-13 14:46:18,2021-01-13 15:14:14,,8.23,,,48,138,,30.64,0.0,0.5,8.96,0.0,0.3,42.9,2.5
,2021-01-13 14:26:00,2021-01-13 14:36:00,,1.42,,,89,71,,13.45,0.0,0.5,2.75,0.0,0.3,17.0,0.0
,2021-01-13 14:48:00,2021-01-13 15:55:00,,17.83,,,71,116,,64.55,0.0,0.5,2.75,0.0,0.3,68.1,0.0
,2021-01-13 14:12:01,2021-01-13 14:43:53,,13.38,,,76,86,,32.17,0.0,0.5,2.75,6.12,0.3,41.84,0.0
,2021-01-13 14:02:49,2021-01-13 14:06:59,,1.06,,,29,150,,12.84,0.0,0.5,2.75,0.0,0.3,16.39,0.0
,2021-01-13 14:44:40,2021-01-13 14:58:39,,2.75,,,205,130,,21.07,0.0,0.5,2.75,0.0,0.3,24.62,0.0
,2021-01-13 14:01:59,2021-01-13 14:01:04,,5.55,,,265,38,,23.2,0.0,0.5,0.0,0.0,0.3,24.0,0.0
,2021-01-13 14:52:48,2021-01-13 15:29:54,,8.48,,,170,225,,12.14,0.0,0.5,2.75,15.62,0.3,31.31,0.0
,2021-01-13 14:57:00,2021-01-13 15:26:00,,6.19,,,51,235,,22.93,0.0,0.5,2.75,0.0,0.3,26.48,0.0
,2021-01-13 14:44:00,2021-01-13 14:48:00,,0.64,,,51,51,,18.46,0.0,0.5,2.75,0.0,0.3,22.01,0.0
,2021-01-13 14:22:27,2021-01-13 14:32:07,,1.3,,,161,143,,8.0,0.0,0.5,1.13,0.0,0.3,12.43,2.5
,2021-01-13 14:03:31,2021-01-13 14:28:45,,5.16,,,236,167,,23.82,0.0,0.5,2.75,0.0,0.3,27.37,0.0
,2021-01-13 14:59:14,2021-01-13 15:15:05,,4.81,,,249,239,,17.55,0.0,0.0,3.32,0.0,0.3,23.67,2.5
,2021-01-13 14:17:49,2021-01-13 14:38:51,,3.64,,,162,7,,23.47,0.0,0.5,2.75,0.0,0.3,27.02,0.0
,2021-01-13 14:22:00,2021-01-13 15:19:00,,9.51,,,32,75,,36.83,0.0,0.5,2.75,6.12,0.3,46.5,0.0
,2021-01-13 14:39:00,2021-01-13 15:14:00,,9.06,,,68,247,,34.99,0.0,0.5,2.75,0.0,0.3,38.54,0.0
,2021-01-13 14:30:01,2021-01-13 14:58:26,,5.23,,,41,213,,18.66,0.0,0.5,2.75,6.12,0.3,28.33,0.0
,2021-01-13 14:59:34,2021-01-13 15:18:47,,5.15,,,65,257,,32.45,0.0,0.5,2.75,0.0,0.3,36.0,0.0
,2021-01-13 14:58:00,2021-01-13 15:14:00,,1.65,,,43,166,,19.96,0.0,0.5,2.75,0.0,0.3,23.51,0.0
,2021-01-13 14:01:31,2021-01-13 15:01:04,,11.48,,,265,51,,48.86,0.0,0.5,0.0,0.0,0.3,49.66,0.0
,2021-01-13 14:38:00,2021-01-13 15:06:00,,4.04,,,97,36,,22.57,0.0,0.5,2.75,0.0,0.3,26.12,0.0
,2021-01-13 14:02:06,2021-01-13 14:10:12,,1.5,,,164,246,,7.5,0.0,0.5,1.62,0.0,0.3,12.42,2.5
,2021-01-13 14:37:21,2021-01-13 15:11:38,,8.29,,,45,238,,35.95,0.0,0.5,2.75,0.0,0.3,39.5,0.0
,2021-01-13 14:21:00,2021-01-13 14:39:00,,2.7,,,141,50,,18.45,0.0,0.5,2.75,0.0,0.3,22.0,0.0
,2021-01-13 14:26:51,2021-01-13 14:48:06,,1.64,,,126,159,,18.74,0.0,0.5,2.75,0.0,0.3,22.29,0.0
,2021-01-13 14:01:12,2021-01-13 15:01:02,,17.79,,,265,210,,50.97,0.0,0.5,0.0,0.0,0.3,51.77,0.0
,2021-01-10 09:05:17,2021-01-10 09:19:33,,3.65,,,39,61,,22.81,0.0,0.5,2.75,0.0,0.3,26.36,0.0
,2021-01-10 09:01:02,2021-01-10 10:01:03,,4.38,,,265,181,,20.53,0.0,0.5,0.0,0.0,0.3,21.33,0.0
,2021-01-10 09:35:58,2021-01-10 09:45:47,,1.25,,,147,168,,18.74,0.0,0.5,2.75,0.0,0.3,22.29,0.0
,2021-01-10 09:03:00,2021-01-10 09:30:00,,6.23,,,181,39,,27.53,0.0,0.5,2.75,0.0,0.3,31.08,0.0
,2021-01-10 09:15:18,2021-01-10 09:28:50,,1.94,,,56,70,,15.39,0.0,0.5,2.75,0.0,0.3,18.94,0.0
,2021-01-10 10:01:27,2021-01-10 10:01:02,,17.67,,,265,39,,41.2,0.0,0.5,0.0,0.0,0.3,42.0,0.0
,2021-01-10 10:31:30,2021-01-10 10:38:45,,1.7,,,141,142,,8.0,0.0,0.5,1.7,0.0,0.3,13.0,2.5
,2021-01-10 10:06:26,2021-01-10 10:27:51,,4.94,,,91,17,,25.77,0.0,0.5,2.75,0.0,0.3,29.32,0.0
,2021-01-10 10:31:20,2021-01-10 10:39:50,,1.78,,,61,61,,22.81,0.0,0.5,2.75,0.0,0.3,26.36,0.0
,2021-01-10 10:39:00,2021-01-10 11:14:00,,9.51,,,222,178,,30.13,0.0,0.5,2.75,0.0,0.3,33.68,0.0
,2021-01-10 10:34:55,2021-01-10 10:37:20,,0.3,,,239,238,,4.0,0.0,0.5,1.1,0.0,0.3,8.4,2.5
,2021-01-10 10:25:00,2021-01-10 10:28:00,,0.57,,,179,7,,11.45,0.0,0.5,2.75,0.0,0.3,15.0,0.0
,2021-01-10 10:15:00,2021-01-10 10:34:00,,6.53,,,7,160,,34.71,0.0,0.5,2.75,0.0,0.3,38.26,0.0
,2021-01-10 10:01:13,2021-01-10 10:01:02,,9.08,,,265,92,,24.2,0.0,0.5,0.0,0.0,0.3,25.0,0.0
,2021-01-10 10:58:42,2021-01-10 11:08:41,,1.73,,,80,255,,21.86,0.0,0.5,2.75,0.0,0.3,25.41,0.0
,2021-01-10 10:56:36,2021-01-10 11:04:23,,2.6,,,113,237,,9.5,0.0,0.5,0.64,0.0,0.3,13.44,2.5
,2021-01-10 10:36:00,2021-01-10 10:52:00,,5.73,,,75,47,,29.39,0.0,0.5,2.75,0.0,0.3,32.94,0.0
,2021-01-10 10:18:19,2021-01-10 10:30:25,,3.4,,,161,125,,13.0,0.0,0.5,3.26,0.0,0.3,19.56,2.5
,2021-01-10 10:53:38,2021-01-10 10:58:32,,1.5,,,163,236,,6.5,0.0,0.5,1.47,0.0,0.3,11.27,2.5
,2021-01-10 10:53:00,2021-01-10 11:16:00,,13.07,,,130,170,,35.94,0.0,0.5,4.85,6.12,0.3,50.21,2.5
,2021-01-10 10:48:00,2021-01-10 11:28:00,,11.04,,,70,62,,56.5,0.0,0.5,0.0,0.0,0.3,57.3,0.0
,2021-01-10 10:14:00,2021-01-10 10:38:00,,13.21,,,240,70,,47.68,0.0,0.5,0.0,6.12,0.3,54.6,0.0
,2021-01-10 10:01:16,2021-01-10 10:01:02,,20.36,,,265,228,,44.62,0.0,0.5,0.0,0.0,0.3,45.42,0.0
,2021-01-10 10:08:52,2021-01-10 10:32:11,,4.66,,,29,133,,24.93,0.0,0.5,2.75,0.0,0.3,28.48,0.0
,2021-01-10 10:06:13,2021-01-10 10:11:56,,1.3,,,229,237,,6.5,0.0,0.5,1.47,0.0,0.3,11.27,2.5
,2021-01-10 10:01:10,2021-01-10 10:01:02,,8.87,,,265,198,,28.11,0.0,0.5,0.0,0.0,0.3,28.91,0.0
,2021-01-10 10:17:36,2021-01-10 10:21:55,,0.72,,,17,17,,16.23,0.0,0.5,2.75,0.0,0.3,19.78,0.0
,2021-01-10 10:50:47,2021-01-10 10:59:29,,4.63,,,80,82,,25.95,0.0,0.5,2.75,0.0,0.3,29.5,0.0
,2021-01-10 10:27:25,2021-01-10 10:43:02,,3.71,,,35,49,,16.23,0.0,0.5,2.75,0.0,0.3,19.78,0.0
,2021-01-10 10:34:49,2021-01-10 10:48:00,,6.66,,,83,74,,26.33,0.0,0.5,2.75,6.12,0.3,36.0,0.0
,2021-01-10 10:33:35,2021-01-10 10:39:33,,1.7,,,141,233,,7.0,0.0,0.5,1.03,0.0,0.3,11.33,2.5
,2021-01-10 10:39:05,2021-01-10 10:43:12,,1.0,,,236,239,,6.0,0.0,0.5,1.86,0.0,0.3,11.16,2.5
,2021-01-10 10:51:52,2021-01-10 11:04:12,,0.0,,,239,236,,7.7,0.0,0.5,1.65,0.0,0.3,14.65,2.5
,2021-01-10 10:29:00,2021-01-10 10:38:00,,2.0,,,18,220,,14.95,0.0,0.5,2.75,0.0,0.3,18.5,0.0
,2021-01-10 10:42:49,2021-01-10 10:53:03,,4.19,,,246,151,,13.02,0.0,0.5,2.57,0.0,0.3,18.89,2.5
,2021-01-10 10:45:04,2021-01-10 11:00:11,,9.86,,,51,74,,33.08,0.0,0.5,2.75,6.12,0.3,42.75,0.0
,2021-01-10 10:07:00,2021-01-10 10:30:00,,5.3,,,90,7,,25.45,0.0,0.5,2.75,0.0,0.3,29.0,0.0
,2021-01-10 10:55:00,2021-01-10 11:09:00,,3.84,,,77,17,,22.81,0.0,0.5,2.75,0.0,0.3,26.36,0.0
,2021-01-10 10:42:00,2021-01-10 11:18:00,,18.86,,,169,36,,49.78,0.0,0.5,2.75,6.12,0.3,59.45,0.0
,2021-01-10 10:01:39,2021-01-10 10:01:04,,2.94,,,265,91,,15.2,0.0,0.5,0.0,0.0,0.3,16.0,0.0
,2021-01-10 10:54:00,2021-01-10 11:33:00,,14.74,,,231,243,,51.3,0.0,0.5,0.0,0.0,0.3,54.6,2.5
,2021-01-10 10:00:30,2021-01-10 10:23:24,,14.8,,,212,10,,45.76,0.0,0.5,2.75,6.12,0.3,55.43,0.0
,2021-01-10 10:39:37,2021-01-10 10:54:14,,3.44,,,215,191,,25.45,0.0,0.5,2.75,0.0,0.3,29.0,0.0
,2021-01-10 10:36:08,2021-01-10 10:51:13,,2.61,,,36,17,,18.45,0.0,0.5,2.75,0.0,0.3,22.0,0.0
,2021-01-10 10:25:00,2021-01-10 10:38:00,,5.49,,,169,74,,13.72,0.0,0.5,2.75,6.12,0.3,23.39,0.0
,2021-01-10 10:51:37,2021-01-10 11:18:02,,11.75,,,223,216,,44.62,0.0,0.5,2.75,0.0,0.3,48.17,0.0
,2021-01-10 10:47:29,2021-01-10 11:03:46,,2.91,,,161,224,,10.17,0.0,0.5,0.0,0.0,0.3,13.47,2.5
,2021-01-10 10:44:00,2021-01-10 11:01:00,,4.54,,,177,89,,20.87,0.0,0.5,2.75,0.0,0.3,24.42,0.0
,2021-01-10 10:01:21,2021-01-10 10:01:04,,0.61,,,265,127,,15.2,0.0,0.5,0.0,0.0,0.3,16.0,0.0
,2021-01-10 10:13:02,2021-01-10 10:33:48,,8.63,,,242,153,,25.45,0.0,0.5,2.75,0.0,0.3,29.0,0.0
,2021-01-11 10:01:34,2021-01-11 10:01:04,,2.36,,,265,74,,15.2,0.0,0.5,0.0,0.0,0.3,16.0,0.0
,2021-01-11 10:48:00,2021-01-11 11:16:00,,7.23,,,4,24,,27.73,0.0,0.5,2.75,0.0,0.3,31.28,0.0
,2021-01-11 10:24:22,2021-01-11 10:38:46,,3.3,,,75,168,,13.0,0.0,0.5,2.07,0.0,0.3,15.87,0.0
,2021-01-11 10:14:00,2021-01-11 10:18:00,,0.46,,,42,41,,14.15,0.0,0.5,2.75,0.0,0.3,17.7,0.0
,2021-01-11 10:57:00,2021-01-11 11:15:00,,7.74,,,75,182,,25.51,0.0,0.5,2.75,6.12,0.3,35.18,0.0
,2021-01-11 10:52:29,2021-01-11 11:04:45,,3.75,,,116,75,,15.62,0.0,0.5,2.02,0.0,0.3,18.44,0.0
,2021-01-11 10:51:00,2021-01-11 11:27:00,,18.12,,,259,4,,44.76,0.0,0.5,2.75,6.12,0.3,54.43,0.0
,2021-01-11 10:24:00,2021-01-11 10:34:00,,3.2,,,185,51,,23.26,0.0,0.5,2.75,0.0,0.3,26.81,0.0
,2021-01-11 10:56:00,2021-01-11 11:14:00,,2.78,,,208,242,,18.82,0.0,0.5,2.75,0.0,0.3,22.37,0.0
,2021-01-11 10:01:53,2021-01-11 10:01:03,,4.17,,,265,61,,31.2,0.0,0.5,0.0,0.0,0.3,32.0,0.0
,2021-01-11 10:01:16,2021-01-11 11:01:54,,8.76,,,265,140,,27.94,0.0,0.5,0.0,0.0,0.3,28.74,0.0
,2021-01-11 10:58:00,2021-01-11 11:18:00,,3.26,,,161,238,,21.74,0.0,0.5,2.75,0.0,0.3,25.29,0.0
,2021-01-11 10:03:00,2021-01-11 10:38:00,,7.08,,,42,161,,31.31,0.0,0.5,2.75,0.0,0.3,34.86,0.0
,2021-01-11 10:02:00,2021-01-11 10:24:00,,5.29,,,177,65,,20.43,0.0,0.5,2.75,0.0,0.3,23.98,0.0
,2021-01-11 10:46:00,2021-01-11 11:02:00,,5.54,,,148,140,,23.58,0.0,0.5,2.75,0.0,0.3,27.13,0.0
,2021-01-11 10:04:00,2021-01-11 10:11:00,,1.15,,,170,107,,13.16,0.0,0.5,2.75,0.0,0.3,16.71,0.0
,2021-01-11 10:27:36,2021-01-11 10:53:34,,4.04,,,140,112,,27.42,0.0,0.5,2.75,0.0,0.3,30.97,0.0
,2021-01-11 10:44:10,2021-01-11 11:18:47,,7.47,,,165,33,,24.9,0.0,0.5,2.75,0.0,0.3,28.45,0.0
,2021-01-11 10:55:18,2021-01-11 11:07:04,,5.86,,,233,42,,31.31,0.0,0.5,2.75,0.0,0.3,34.86,0.0
,2021-01-11 10:58:19,2021-01-11 11:05:29,,1.14,,,243,244,,15.89,0.0,0.5,2.75,0.0,0.3,19.44,0.0
,2021-01-11 10:08:46,2021-01-11 10:40:40,,19.64,,,19,244,,45.68,0.0,0.5,2.75,6.12,0.3,55.35,0.0
,2021-01-11 10:07:51,2021-01-11 10:34:29,,9.15,,,254,42,,31.73,0.0,0.5,2.75,0.0,0.3,35.28,0.0
,2021-01-11 10:02:17,2021-01-11 10:39:42,,21.56,,,76,254,,58.84,0.0,0.5,2.75,6.12,0.3,68.51,0.0
,2021-01-11 10:25:15,2021-01-11 10:32:06,,1.6,,,236,161,,7.0,0.0,0.5,1.03,0.0,0.3,11.33,2.5
,2021-01-11 10:12:00,2021-01-11 10:35:00,,4.13,,,239,137,,17.24,0.0,0.5,4.35,0.0,0.3,24.89,2.5
,2021-01-11 10:14:21,2021-01-11 10:26:29,,1.94,,,17,97,,18.65,0.0,0.5,2.75,0.0,0.3,22.2,0.0
,2021-01-11 10:43:57,2021-01-11 10:46:17,,0.36,,,17,17,,14.39,0.0,0.5,2.75,0.0,0.3,17.94,0.0
,2021-01-11 10:59:29,2021-01-11 11:06:14,,0.72,,,37,225,,14.39,0.0,0.5,2.75,0.0,0.3,17.94,0.0
,2021-01-11 10:01:14,2021-01-11 10:01:03,,2.04,,,265,160,,30.2,0.0,0.5,0.0,0.0,0.3,31.0,0.0
,2021-01-11 10:01:55,2021-01-11 11:01:03,,6.83,,,265,25,,22.81,0.0,0.5,0.0,0.0,0.3,23.61,0.0
,2021-01-11 10:01:17,2021-01-11 10:01:03,,1.29,,,265,76,,15.2,0.0,0.5,0.0,0.0,0.3,16.0,0.0
,2021-01-11 10:59:07,2021-01-11 11:08:50,,2.07,,,222,39,,14.93,0.0,0.5,2.75,0.0,0.3,18.48,0.0
,2021-01-11 10:55:43,2021-01-11 11:48:53,,19.01,,,169,188,,54.67,0.0,0.5,2.75,6.12,0.3,64.34,0.0
,2021-01-11 10:17:00,2021-01-11 10:53:00,,9.19,,,217,236,,29.77,0.0,0.5,2.75,0.0,0.3,33.32,0.0
,2021-01-11 10:42:11,2021-01-11 11:02:03,,3.85,,,39,62,,22.81,0.0,0.5,2.75,0.0,0.3,26.36,0.0
,2021-01-11 10:11:59,2021-01-11 10:21:45,,1.65,,,235,247,,14.05,0.0,0.5,2.75,0.0,0.3,17.6,0.0
,2021-01-11 10:42:30,2021-01-11 10:53:45,,1.73,,,127,220,,18.96,0.0,0.5,2.75,0.0,0.3,22.51,0.0
,2021-01-11 10:33:58,2021-01-11 10:51:48,,2.81,,,71,149,,19.72,0.0,0.5,2.75,0.0,0.3,23.27,0.0
,2021-01-11 10:56:39,2021-01-11 11:19:05,,4.45,,,228,97,,25.09,0.0,0.5,2.75,0.0,0.3,28.64,0.0
,2021-01-11 10:17:00,2021-01-11 10:31:00,,2.32,,,25,181,,11.38,0.0,0.5,2.56,0.0,0.3,14.74,0.0
,2021-01-11 10:45:56,2021-01-11 11:05:07,,3.67,,,231,107,,17.12,0.0,0.5,2.75,0.0,0.3,20.67,0.0
,2021-01-11 10:10:55,2021-01-11 10:52:51,,18.89,,,39,162,,34.47,0.0,0.5,2.75,6.12,0.3,44.14,0.0
,2021-01-11 10:55:00,2021-01-11 11:34:00,,21.52,,,166,251,,62.71,0.0,0.5,2.75,12.24,0.3,78.5,0.0
,2021-01-11 10:16:31,2021-01-11 10:41:10,,4.85,,,35,181,,19.15,0.0,0.0,2.75,0.0,0.3,22.2,0.0
,2021-01-11 10:37:00,2021-01-11 10:55:00,,6.57,,,170,74,,28.95,0.0,0.5,2.75,0.0,0.3,32.5,0.0
,2021-01-11 10:27:00,2021-01-11 10:43:00,,2.82,,,74,151,,19.14,0.0,0.5,2.75,0.0,0.3,22.69,0.0
,2021-01-11 10:22:32,2021-01-11 10:35:46,,1.8,,,141,163,,10.0,0.0,0.5,2.0,0.0,0.3,15.3,2.5
,2021-01-11 10:14:40,2021-01-11 10:33:54,,5.57,,,77,197,,24.29,0.0,0.5,2.75,0.0,0.3,27.84,0.0
,2021-01-11 10:37:00,2021-01-11 10:54:00,,4.24,,,185,167,,20.76,0.0,0.5,2.75,0.0,0.3,24.31,0.0
,2021-01-11 10:19:13,2021-01-11 10:42:23,,9.15,,,37,228,,29.22,0.0,0.5,2.75,0.0,0.3,32.77,0.0
,2021-01-05 10:23:48,2021-01-05 10:32:34,,2.0,,,236,161,,9.0,0.0,0.5,2.46,0.0,0.3,14.76,2.5
,2021-01-05 10:01:39,2021-01-05 10:01:04,,2.38,,,265,41,,28.2,0.0,0.5,0.0,0.0,0.3,29.0,0.0
,2021-01-05 10:27:00,2021-01-05 10:44:00,,3.09,,,50,107,,18.34,0.0,0.5,2.75,0.0,0.3,21.89,0.0
,2021-01-05 10:04:23,2021-01-05 10:12:21,,1.9,,,4,137,,13.16,0.0,0.5,2.75,0.0,0.3,16.71,0.0
,2021-01-05 10:52:00,2021-01-05 11:17:00,,4.61,,,91,76,,23.29,0.0,0.5,2.75,0.0,0.3,26.84,0.0
,2021-01-05 10:11:37,2021-01-05 10:32:24,,7.69,,,191,102,,37.31,0.0,0.5,2.75,0.0,0.3,40.86,0.0
,2021-01-05 10:03:00,2021-01-05 10:33:00,,9.24,,,236,65,,32.27,0.0,0.5,2.75,0.0,0.3,35.82,0.0
,2021-01-05 10:07:00,2021-01-05 10:42:00,,14.84,,,261,159,,35.77,0.0,0.5,2.75,6.12,0.3,45.44,0.0
,2021-01-05 10:37:00,2021-01-05 11:02:00,,5.69,,,55,133,,24.93,0.0,0.5,2.75,0.0,0.3,28.48,0.0
,2021-01-05 10:06:00,2021-01-05 10:25:00,,1.69,,,107,68,,16.12,0.0,0.5,2.75,0.0,0.3,19.67,0.0
,2021-01-05 10:47:00,2021-01-05 10:50:00,,1.02,,,43,43,,7.0,0.0,0.5,3.15,0.0,0.3,13.45,2.5
,2021-01-05 10:40:00,2021-01-05 11:01:00,,9.11,,,47,140,,25.9,0.0,0.5,2.75,6.12,0.3,35.57,0.0
,2021-01-05 10:30:23,2021-01-05 10:40:58,,2.3,,,249,261,,9.5,0.0,0.5,1.28,0.0,0.3,14.08,2.5
,2021-01-05 10:46:00,2021-01-05 10:57:00,,1.63,,,232,261,,18.15,0.0,0.5,2.75,0.0,0.3,21.7,0.0
,2021-01-05 10:07:00,2021-01-05 10:30:00,,9.52,,,182,140,,28.23,0.0,0.5,2.75,6.12,0.3,37.9,0.0
,2021-01-05 10:23:23,2021-01-05 10:37:14,,2.6,,,137,48,,12.0,0.0,0.5,2.3,0.0,0.3,17.6,2.5
,2021-01-05 10:22:00,2021-01-05 10:45:00,,4.25,,,260,140,,22.08,0.0,0.5,2.75,0.0,0.3,25.63,0.0
,2021-01-05 10:44:11,2021-01-05 10:59:36,,4.0,,,262,234,,15.5,0.0,0.5,2.82,0.0,0.3,21.62,2.5
,2021-01-05 10:23:00,2021-01-05 11:28:00,,14.0,,,70,188,,56.5,0.0,0.5,0.0,0.0,0.3,57.3,0.0
,2021-01-05 10:11:19,2021-01-05 10:15:36,,0.91,,,215,215,,14.95,0.0,0.5,2.75,0.0,0.3,18.5,0.0
,2021-01-05 10:01:49,2021-01-05 10:01:04,,5.2,,,265,134,,16.29,0.0,0.5,0.0,0.0,0.3,17.09,0.0
,2021-01-05 10:01:40,2021-01-05 10:01:04,,1.29,,,265,130,,19.2,0.0,0.5,0.0,0.0,0.3,20.0,0.0
,2021-01-05 10:09:00,2021-01-05 10:32:00,,5.31,,,72,25,,21.14,0.0,0.5,2.75,0.0,0.3,24.69,0.0
,2021-01-05 10:04:47,2021-01-05 10:37:14,,6.4,,,76,33,,30.49,0.0,0.5,2.75,0.0,0.3,34.04,0.0
,2021-01-05 10:30:56,2021-01-05 10:36:41,,0.9,,,237,140,,5.5,0.0,0.5,1.76,0.0,0.3,10.56,2.5
,2021-01-05 10:40:57,2021-01-05 10:57:37,,2.8,,,262,143,,13.53,0.0,0.5,3.54,0.0,0.3,20.37,2.5
,2021-01-05 10:18:00,2021-01-05 10:26:00,,1.36,,,7,193,,7.67,0.0,0.5,0.85,0.0,0.3,9.32,0.0
,2021-01-05 10:05:05,2021-01-05 10:31:00,,9.38,,,203,197,,24.36,0.0,0.5,2.75,0.0,0.3,27.91,0.0
,2021-01-05 10:59:09,2021-01-05 11:08:59,,1.78,,,76,76,,14.93,0.0,0.5,2.75,0.0,0.3,18.48,0.0
,2021-01-05 10:40:00,2021-01-05 10:53:00,,2.04,,,62,85,,20.87,0.0,0.5,2.75,0.0,0.3,24.42,0.0
,2021-01-05 10:02:13,2021-01-05 10:23:18,,5.07,,,89,97,,23.15,0.0,0.5,2.75,0.0,0.3,26.7,0.0
,2021-01-05 10:11:58,2021-01-05 10:33:59,,9.67,,,212,141,,25.15,0.0,0.5,2.75,6.12,0.3,34.82,0.0
,2021-01-05 10:01:13,2021-01-05 10:01:04,,16.56,,,265,130,,43.01,0.0,0.5,0.0,0.0,0.3,43.81,0.0
,2021-01-05 10:32:00,2021-01-05 10:39:00,,1.44,,,155,155,,10.95,0.0,0.5,2.75,0.0,0.3,14.5,0.0
,2021-01-05 10:49:00,2021-01-05 11:31:00,,24.9,,,155,233,,38.74,0.0,0.5,2.75,0.0,0.3,42.29,0.0
,2021-01-05 10:39:00,2021-01-05 10:56:00,,6.21,,,15,265,,28.95,0.0,0.5,2.75,0.0,0.3,32.5,0.0
,2021-01-05 10:05:00,2021-01-05 10:27:00,,4.21,,,123,39,,32.46,0.0,0.5,2.75,0.0,0.3,36.01,0.0
,2021-01-05 10:42:00,2021-01-05 11:06:00,,7.53,,,92,102,,29.51,0.0,0.5,2.75,0.0,0.3,33.06,0.0
,2021-01-05 10:37:59,2021-01-05 10:49:41,,3.1,,,158,143,,12.5,0.0,0.5,2.37,0.0,0.3,18.17,2.5
,2021-01-05 10:51:00,2021-01-05 11:13:00,,4.8,,,143,211,,19.43,0.0,0.5,4.83,0.0,0.3,27.56,2.5
,2021-01-05 10:35:00,2021-01-05 10:49:00,,3.19,,,155,222,,23.29,0.0,0.5,2.75,0.0,0.3,26.84,0.0
,2021-01-05 10:28:54,2021-01-05 10:35:01,,1.31,,,246,50,,7.0,0.0,0.5,2.44,0.0,0.3,12.74,2.5
,2021-01-05 10:28:39,2021-01-05 11:13:50,,20.16,,,126,71,,51.36,0.0,0.5,2.75,6.12,0.3,61.03,0.0
,2021-01-05 10:01:51,2021-01-05 10:01:03,,13.95,,,265,39,,37.11,0.0,0.5,0.0,0.0,0.3,37.91,0.0
,2021-01-05 10:01:42,2021-01-05 10:01:03,,7.7,,,265,149,,19.24,0.0,0.5,0.0,0.0,0.3,20.04,0.0
,2021-01-05 10:04:00,2021-01-05 10:29:00,,6.55,,,68,75,,24.46,0.0,0.5,2.75,0.0,0.3,28.01,0.0
,2021-01-05 10:54:00,2021-01-05 11:15:00,,1.39,,,262,43,,16.08,0.0,0.5,2.75,0.0,0.3,19.63,0.0
,2021-01-05 10:56:00,2021-01-05 11:13:00,,2.32,,,41,236,,20.15,0.0,0.5,2.75,0.0,0.3,23.7,0.0
,2021-01-05 10:14:00,2021-01-05 10:28:00,,3.92,,,66,107,,24.05,0.0,0.5,2.75,0.0,0.3,27.6,0.0
,2021-01-05 10:19:55,2021-01-05 10:32:12,,2.09,,,235,244,,17.76,0.0,0.5,2.75,0.0,0.3,21.31,0.0
,2021-01-09 08:01:50,2021-01-09 08:01:03,,3.28,,,265,65,,15.2,0.0,0.5,0.0,0.0,0.3,16.0,0.0
,2021-01-09 08:17:36,2021-01-09 08:22:29,,0.94,,,89,89,,19.82,0.0,0.0,2.75,0.0,0.3,22.87,0.0
,2021-01-09 08:01:00,2021-01-09 08:13:00,,6.42,,,252,9,,28.11,0.0,0.5,2.75,0.0,0.3,31.66,0.0
,2021-01-09 08:38:00,2021-01-09 08:48:00,,3.63,,,126,185,,22.29,0.0,0.5,2.75,0.0,0.3,25.84,0.0
,2021-01-09 08:56:00,2021-01-09 09:18:00,,6.68,,,242,153,,25.45,0.0,0.5,2.75,0.0,0.3,29.0,0.0
,2021-01-09 08:20:00,2021-01-09 08:34:00,,2.25,,,78,182,,18.45,0.0,0.5,2.75,0.0,0.3,22.0,0.0
,2021-01-09 08:30:00,2021-01-09 08:53:00,,15.06,,,10,42,,50.12,0.0,0.5,2.75,6.12,0.3,59.79,0.0
,2021-01-09 08:56:00,2021-01-09 09:19:00,,11.7,,,70,230,,37.08,0.0,0.5,0.0,6.12,0.3,46.5,2.5
,2021-01-09 08:03:00,2021-01-09 08:29:00,,18.95,,,70,265,,63.88,0.0,0.5,0.0,6.12,0.3,70.8,0.0
,2021-01-09 08:01:30,2021-01-09 08:01:22,,10.22,,,265,55,,25.22,0.0,0.5,0.0,0.0,0.3,26.02,0.0
,2021-01-09 08:40:00,2021-01-09 08:47:00,,1.33,,,55,55,,17.19,0.0,0.5,2.75,0.0,0.3,20.74,0.0
,2021-01-09 08:17:00,2021-01-09 08:41:00,,10.89,,,215,177,,48.85,0.0,0.5,2.75,0.0,0.3,52.4,0.0
,2021-01-09 08:30:48,2021-01-09 08:53:51,,17.14,,,259,38,,48.77,0.0,0.5,2.75,6.12,0.3,58.44,0.0
,2021-01-09 08:33:00,2021-01-09 08:49:00,,5.96,,,258,131,,27.25,0.0,0.5,2.75,0.0,0.3,30.8,0.0
,2021-01-09 08:02:00,2021-01-09 08:19:00,,7.2,,,205,15,,28.24,0.0,0.5,2.75,0.0,0.3,31.79,0.0
,2021-01-09 08:56:00,2021-01-09 09:04:00,,1.94,,,160,95,,18.56,0.0,0.5,2.75,0.0,0.3,22.11,0.0
,2021-01-09 08:01:44,2021-01-09 08:01:04,,5.48,,,265,137,,25.1,0.0,0.5,0.0,0.0,0.3,25.9,0.0
,2021-01-09 08:01:51,2021-01-09 08:01:02,,17.17,,,265,61,,44.09,0.0,0.5,0.0,0.0,0.3,44.89,0.0
,2021-01-09 08:17:00,2021-01-09 08:38:00,,10.95,,,137,188,,21.64,0.0,0.5,2.75,6.12,0.3,31.31,0.0
,2021-01-09 08:01:28,2021-01-09 09:01:03,,6.53,,,265,49,,26.58,0.0,0.5,0.0,0.0,0.3,27.38,0.0
,2021-01-09 08:32:00,2021-01-09 08:47:00,,2.83,,,42,238,,18.41,0.0,0.5,3.0,0.0,0.3,24.71,2.5
,2021-01-09 08:36:00,2021-01-09 08:51:00,,3.67,,,42,236,,25.45,0.0,0.5,2.75,0.0,0.3,29.0,0.0
,2021-01-09 08:01:01,2021-01-09 09:01:02,,0.57,,,265,205,,15.2,0.0,0.5,0.0,0.0,0.3,16.0,0.0
,2021-01-09 08:36:02,2021-01-09 08:59:29,,5.64,,,63,232,,32.45,0.0,0.5,2.75,0.0,0.3,36.0,0.0
,2021-01-09 08:08:22,2021-01-09 08:11:40,,0.89,,,76,76,,14.93,0.0,0.5,2.75,0.0,0.3,18.48,0.0
,2021-01-09 08:29:42,2021-01-09 08:49:44,,3.28,,,39,72,,22.81,0.0,0.5,2.75,0.0,0.3,26.36,0.0
,2021-01-09 08:03:00,2021-01-09 08:23:00,,5.24,,,97,90,,27.55,0.0,0.5,2.75,0.0,0.3,31.1,0.0
,2021-01-09 08:56:05,2021-01-09 09:12:43,,6.29,,,92,215,,22.33,0.0,0.5,2.75,0.0,0.3,25.88,0.0
,2021-01-09 08:58:00,2021-01-09 09:13:00,,3.04,,,238,74,,21.95,0.0,0.5,2.75,0.0,0.3,25.5,0.0
,2021-01-09 09:24:07,2021-01-09 09:35:24,,1.96,,,182,242,,18.09,0.0,0.5,2.75,0.0,0.3,21.64,0.0
,2021-01-09 09:23:32,2021-01-09 09:26:25,,0.68,,,128,127,,28.95,0.0,0.5,2.75,0.0,0.3,32.5,0.0
,2021-01-09 09:23:38,2021-01-09 09:38:54,,4.01,,,9,215,,30.54,0.0,0.5,2.75,0.0,0.3,34.09,0.0
,2021-01-09 09:16:48,2021-01-09 09:43:38,,17.57,,,49,210,,35.66,0.0,0.5,2.75,0.0,0.3,39.21,0.0
,2021-01-09 09:41:41,2021-01-09 10:05:02,,8.59,,,37,155,,23.29,0.0,0.5,2.75,0.0,0.3,26.84,0.0
,2021-01-09 09:50:16,2021-01-09 09:52:00,,0.4,,,234,113,,4.0,0.0,0.5,0.73,0.0,0.3,8.03,2.5
,2021-01-09 09:05:00,2021-01-09 09:18:00,,2.16,,,139,10,,18.08,0.0,0.5,2.75,0.0,0.3,21.63,0.0
,2021-01-09 09:01:02,2021-01-09 09:01:02,,1.44,,,265,4,,15.2,0.0,0.5,0.0,0.0,0.3,16.0,0.0
,2021-01-09 09:47:43,2021-01-09 09:54:44,,0.0,,,148,211,,4.7,0.0,0.5,1.2,0.0,0.3,11.2,2.5
,2021-01-09 09:18:25,2021-01-09 09:32:36,,8.36,,,51,171,,31.79,0.0,0.5,2.75,6.12,0.3,41.46,0.0
,2021-01-09 09:03:00,2021-01-09 09:16:00,,2.01,,,22,21,,18.91,0.0,0.5,2.75,0.0,0.3,22.46,0.0
,2021-01-09 09:50:32,2021-01-09 10:06:52,,0.0,,,65,90,,12.7,0.0,0.5,3.2,0.0,0.3,21.2,2.5
,2021-01-09 09:28:28,2021-01-09 09:46:48,,6.27,,,231,140,,18.05,0.0,0.5,4.53,0.0,0.3,25.88,2.5
,2021-01-09 09:56:00,2021-01-09 10:25:00,,16.85,,,232,29,,35.46,0.0,0.5,2.75,6.12,0.3,45.13,0.0
,2021-01-09 09:01:01,2021-01-09 09:01:02,,1.89,,,265,39,,27.08,0.0,0.5,0.0,0.0,0.3,27.88,0.0
,2021-01-09 09:36:00,2021-01-09 09:46:00,,2.08,,,39,35,,22.81,0.0,0.5,2.75,0.0,0.3,26.36,0.0
,2021-01-09 09:12:00,2021-01-09 09:17:00,,0.7,,,96,102,,10.95,0.0,0.5,2.75,0.0,0.3,14.5,0.0
,2021-01-09 09:07:00,2021-01-09 09:43:00,,10.8,,,70,125,,45.9,0.0,0.5,0.0,0.0,0.3,49.2,2.5
,2021-01-09 09:01:14,2021-01-09 09:01:03,,5.47,,,265,153,,23.88,0.0,0.5,0.0,0.0,0.3,24.68,0.0
,2021-01-09 09:01:36,2021-01-09 10:01:04,,5.46,,,265,213,,19.66,0.0,0.5,0.0,0.0,0.3,20.46,0.0
,2021-01-09 09:19:24,2021-01-09 09:25:20,,1.5,,,236,74,,7.0,0.0,0.5,2.06,0.0,0.3,12.36,2.5
,2021-01-07 09:13:00,2021-01-07 09:33:00,,5.46,,,74,170,,28.95,0.0,0.5,2.75,0.0,0.3,32.5,0.0
,2021-01-07 09:13:00,2021-01-07 09:37:00,,3.88,,,225,65,,20.43,0.0,0.5,2.75,0.0,0.3,23.98,0.0
,2021-01-07 09:32:00,2021-01-07 09:52:00,,2.96,,,79,246,,13.69,0.0,0.5,1.0,0.0,0.3,17.99,2.5
,2021-01-07 09:36:00,2021-01-07 10:08:00,,7.65,,,209,26,,28.08,0.0,0.5,2.75,0.0,0.3,31.63,0.0
,2021-01-07 09:21:00,2021-01-07 09:28:00,,0.82,,,94,235,,17.09,0.0,0.5,2.75,0.0,0.3,20.64,0.0
,2021-01-07 09:54:00,2021-01-07 10:10:00,,2.7,,,169,159,,18.02,0.0,0.5,2.75,0.0,0.3,21.57,0.0
,2021-01-07 09:23:20,2021-01-07 09:28:10,,0.8,,,262,140,,5.0,0.0,0.5,1.66,0.0,0.3,9.96,2.5
,2021-01-07 09:44:00,2021-01-07 09:52:00,,1.06,,,39,72,,23.33,0.0,0.5,2.75,0.0,0.3,26.88,0.0
,2021-01-07 09:17:55,2021-01-07 09:23:09,,0.49,,,18,18,,13.38,0.0,0.5,2.75,0.0,0.3,16.93,0.0
,2021-01-07 09:56:00,2021-01-07 10:21:00,,9.71,,,142,127,,39.45,0.0,0.5,2.75,0.0,0.3,43.0,0.0
,2021-01-07 09:14:51,2021-01-07 09:33:26,,9.07,,,129,140,,25.18,0.0,0.5,2.75,6.12,0.3,34.85,0.0
,2021-01-07 09:56:49,2021-01-07 10:04:45,,2.91,,,262,137,,22.19,0.0,0.5,2.75,0.0,0.3,25.74,0.0
,2021-01-07 09:32:25,2021-01-07 09:35:56,,0.4,,,263,236,,4.0,0.0,0.5,0.73,0.0,0.3,8.03,2.5
,2021-01-07 09:37:16,2021-01-07 09:43:41,,0.9,,,263,236,,6.0,0.0,0.5,1.4,0.0,0.3,10.7,2.5
,2021-01-07 09:16:30,2021-01-07 09:28:20,,2.6,,,262,74,,10.5,0.0,0.5,2.07,0.0,0.3,15.87,2.5
,2021-01-07 09:58:16,2021-01-07 10:18:36,,4.34,,,188,228,,25.09,0.0,0.5,2.75,0.0,0.3,28.64,0.0
,2021-01-07 09:14:05,2021-01-07 09:48:55,,6.0,,,107,188,,27.76,0.0,0.5,2.75,0.0,0.3,31.31,0.0
,2021-01-07 09:01:00,2021-01-07 09:01:04,,18.07,,,265,137,,50.77,0.0,0.5,0.0,0.0,0.3,51.57,0.0
,2021-01-07 09:28:05,2021-01-07 09:55:25,,5.21,,,74,140,,24.17,0.0,0.5,2.75,0.0,0.3,27.72,0.0
,2021-01-07 09:12:01,2021-01-07 09:25:00,,2.0,,,249,137,,10.0,0.0,0.5,2.66,0.0,0.3,15.96,2.5
,2021-01-07 09:32:57,2021-01-07 09:39:24,,0.84,,,74,74,,7.0,0.0,0.5,2.0,0.0,0.3,9.8,0.0
,2021-01-07 09:22:00,2021-01-07 09:48:00,,3.66,,,238,161,,16.37,0.0,0.5,1.0,0.0,0.3,20.67,2.5
,2021-01-07 09:39:00,2021-01-07 10:13:00,,5.92,,,231,188,,29.2,0.0,0.5,0.0,0.0,0.3,32.5,2.5
,2021-01-07 09:31:07,2021-01-07 09:50:03,,2.83,,,52,61,,12.02,0.0,0.5,1.35,0.0,0.3,14.17,0.0
,2021-01-07 09:30:00,2021-01-07 10:03:00,,14.7,,,70,39,,59.2,0.0,0.5,0.0,0.0,0.3,60.0,0.0
,2021-01-07 09:05:00,2021-01-07 09:39:00,,18.7,,,228,35,,48.06,0.0,0.5,5.34,0.0,0.3,54.2,0.0
,2021-01-07 09:57:00,2021-01-07 10:14:00,,2.49,,,231,232,,21.95,0.0,0.5,2.75,0.0,0.3,25.5,0.0
,2021-01-07 09:03:00,2021-01-07 09:31:00,,3.99,,,61,33,,20.43,0.0,0.5,2.75,0.0,0.3,23.98,0.0
,2021-01-07 09:31:35,2021-01-07 09:40:09,,1.6,,,107,4,,13.16,0.0,0.5,2.75,0.0,0.3,16.71,0.0
,2021-01-07 09:52:48,2021-01-07 10:08:58,,3.75,,,161,232,,14.76,0.0,0.5,2.01,0.0,0.3,20.07,2.5
,2021-01-07 09:11:00,2021-01-07 09:34:00,,5.46,,,223,140,,22.08,0.0,0.5,2.75,0.0,0.3,25.63,0.0
,2021-01-07 09:43:47,2021-01-07 09:51:16,,1.0,,,236,140,,6.5,0.0,0.5,1.47,0.0,0.3,11.27,2.5
,2021-01-07 09:00:00,2021-01-07 09:30:00,,10.37,,,74,51,,28.07,0.0,0.5,2.75,6.12,0.3,37.74,0.0
,2021-01-07 09:59:00,2021-01-07 10:09:00,,2.05,,,74,263,,20.15,0.0,0.5,2.75,0.0,0.3,23.7,0.0
,2021-01-07 09:01:00,2021-01-07 09:33:00,,5.55,,,181,90,,27.55,0.0,0.5,2.75,0.0,0.3,31.1,0.0
,2021-01-07 09:23:00,2021-01-07 09:46:00,,4.27,,,107,75,,22.19,0.0,0.5,2.75,0.0,0.3,25.74,0.0
,2021-01-07 09:29:36,2021-01-07 09:41:25,,1.9,,,236,41,,30.15,0.0,0.5,2.75,0.0,0.3,33.7,0.0
,2021-01-07 09:47:00,2021-01-07 09:52:00,,0.29,,,225,225,,39.51,0.0,0.5,2.75,0.0,0.3,43.06,0.0
,2021-01-07 09:48:00,2021-01-07 10:14:00,,4.57,,,262,113,,23.3,0.0,0.5,4.93,0.0,0.3,31.53,2.5
,2021-01-07 09:53:00,2021-01-07 10:23:00,,8.2,,,70,263,,33.58,0.0,0.5,0.0,6.12,0.3,43.0,2.5
,2021-01-07 09:01:14,2021-01-07 09:01:02,,0.89,,,265,129,,19.2,0.0,0.5,0.0,0.0,0.3,20.0,0.0
,2021-01-07 09:01:05,2021-01-07 09:01:04,,1.55,,,265,197,,19.2,0.0,0.5,0.0,0.0,0.3,20.0,0.0
,2021-01-07 09:01:29,2021-01-07 09:01:02,,2.3,,,265,196,,19.2,0.0,0.5,0.0,0.0,0.3,20.0,0.0
,2021-01-07 09:12:42,2021-01-07 09:43:13,,9.38,,,41,18,,29.44,0.0,0.5,2.75,0.0,0.3,32.99,0.0
,2021-01-07 09:47:00,2021-01-07 10:02:00,,2.0,,,143,162,,10.98,0.0,0.5,2.23,0.0,0.3,16.51,2.5
,2021-01-07 09:45:54,2021-01-07 10:01:36,,3.15,,,152,75,,20.15,0.0,0.5,2.75,0.0,0.3,23.7,0.0
,2021-01-07 09:37:23,2021-01-07 09:52:54,,4.16,,,248,136,,22.59,0.0,0.5,2.75,0.0,0.3,26.14,0.0
,2021-01-07 09:04:05,2021-01-07 09:24:07,,3.9,,,48,231,,25.45,0.0,0.5,2.75,0.0,0.3,29.0,0.0
,2021-01-07 09:13:00,2021-01-07 10:07:00,,26.1,,,117,75,,55.13,0.0,0.5,2.75,8.41,0.3,67.09,0.0
,2021-01-07 09:58:00,2021-01-07 10:09:00,,3.89,,,239,244,,22.36,0.0,0.5,2.75,0.0,0.3,25.91,0.0
,2021-01-05 19:55:00,2021-01-05 20:30:00,,10.21,,,249,42,,32.41,0.0,0.5,2.75,0.0,0.3,35.96,0.0
,2021-01-05 19:45:00,2021-01-05 20:01:00,,7.47,,,94,75,,35.29,0.0,0.5,2.75,0.0,0.3,38.84,0.0
,2021-01-05 19:09:12,2021-01-05 19:23:19,,8.68,,,191,265,,25.24,0.0,0.5,5.97,0.0,0.3,32.01,0.0
,2021-01-05 19:00:45,2021-01-05 19:17:26,,6.92,,,134,64,,32.31,0.0,0.5,2.75,0.0,0.3,35.86,0.0
,2021-01-05 19:31:37,2021-01-05 19:40:30,,2.5,,,162,262,,9.5,1.0,0.5,3.45,0.0,0.3,17.25,2.5
,2021-01-05 19:03:00,2021-01-05 19:23:00,,6.13,,,140,223,,15.96,0.0,0.5,2.75,6.12,0.3,25.63,0.0
,2021-01-05 19:16:00,2021-01-05 19:39:00,,7.97,,,170,17,,17.44,0.0,0.5,2.75,6.12,0.3,27.11,0.0
,2021-01-05 19:44:00,2021-01-05 20:21:00,,17.27,,,166,35,,58.43,0.0,0.5,2.75,6.12,0.3,68.1,0.0
,2021-01-05 19:51:10,2021-01-05 20:22:21,,6.33,,,231,225,,32.45,0.0,0.5,2.75,0.0,0.3,36.0,0.0
,2021-01-05 19:13:07,2021-01-05 19:23:28,,2.1,,,234,229,,9.5,1.0,0.5,2.07,0.0,0.3,15.87,2.5
,2021-01-05 19:34:00,2021-01-05 19:41:00,,0.98,,,159,168,,14.95,0.0,0.5,2.75,0.0,0.3,18.5,0.0
,2021-01-05 19:22:20,2021-01-05 19:51:54,,6.39,,,35,211,,69.95,0.0,0.5,2.75,0.0,0.3,73.5,0.0
,2021-01-05 19:00:00,2021-01-05 19:35:00,,10.99,,,92,163,,48.35,0.0,0.5,2.75,0.0,0.3,51.9,0.0
,2021-01-05 19:24:17,2021-01-05 20:02:22,,18.55,,,77,48,,61.13,0.0,0.5,2.75,6.12,0.3,70.8,0.0
,2021-01-05 19:18:00,2021-01-05 19:32:00,,3.31,,,41,143,,16.83,0.0,0.5,4.31,0.0,0.3,24.44,2.5
,2021-01-05 19:18:00,2021-01-05 19:30:00,,2.25,,,162,145,,18.45,0.0,0.5,2.75,0.0,0.3,22.0,0.0
,2021-01-05 19:13:31,2021-01-05 19:22:38,,2.24,,,140,239,,11.67,0.0,0.5,2.35,0.0,0.3,17.32,2.5
,2021-01-05 19:16:02,2021-01-05 19:49:29,,20.57,,,65,254,,56.64,0.0,0.5,2.75,6.12,0.3,66.31,0.0
,2021-01-05 19:42:00,2021-01-05 19:47:00,,1.19,,,79,137,,7.61,0.0,0.5,1.76,0.0,0.3,12.67,2.5
,2021-01-05 19:34:00,2021-01-05 19:52:00,,3.62,,,155,177,,25.77,0.0,0.5,2.75,0.0,0.3,29.32,0.0
,2021-01-05 19:59:00,2021-01-05 20:15:00,,3.21,,,177,76,,21.95,0.0,0.5,2.75,0.0,0.3,25.5,0.0
,2021-01-05 19:13:33,2021-01-05 19:18:40,,1.4,,,237,236,,6.5,1.0,0.5,1.08,0.0,0.3,11.88,2.5
,2021-01-05 19:08:42,2021-01-05 19:19:47,,3.44,,,106,14,,18.73,0.0,0.5,2.75,0.0,0.3,22.28,0.0
,2021-01-05 19:17:32,2021-01-05 19:46:11,,10.24,,,215,35,,42.95,0.0,0.5,2.75,0.0,0.3,46.5,0.0
,2021-01-05 19:01:50,2021-01-05 19:01:04,,5.45,,,265,74,,15.2,0.0,0.5,0.0,0.0,0.3,16.0,0.0
,2021-01-05 19:15:20,2021-01-05 19:22:42,,1.9,,,140,142,,8.0,1.0,0.5,2.46,0.0,0.3,14.76,2.5
,2021-01-05 19:00:23,2021-01-05 19:11:14,,2.92,,,130,38,,18.08,0.0,0.5,2.75,0.0,0.3,21.63,0.0
,2021-01-05 19:40:39,2021-01-05 19:48:57,,3.5,,,218,139,,18.08,0.0,0.5,2.75,0.0,0.3,21.63,0.0
,2021-01-05 19:48:07,2021-01-05 19:56:47,,1.74,,,162,68,,9.29,0.0,0.5,2.6,0.0,0.3,15.19,2.5
,2021-01-05 19:35:00,2021-01-05 19:47:00,,2.12,,,134,197,,18.45,0.0,0.5,2.75,0.0,0.3,22.0,0.0
,2021-01-05 19:39:00,2021-01-05 20:00:00,,6.12,,,95,70,,31.7,0.0,0.5,0.0,0.0,0.3,32.5,0.0
,2021-01-05 19:55:00,2021-01-05 20:23:00,,15.65,,,140,22,,44.34,0.0,0.5,2.75,6.12,0.3,54.01,0.0
,2021-01-05 19:01:00,2021-01-05 19:14:00,,2.47,,,142,263,,11.24,0.0,0.5,3.0,0.0,0.3,17.54,2.5
,2021-01-05 19:30:12,2021-01-05 20:00:15,,19.79,,,232,259,,48.93,0.0,0.5,2.75,6.12,0.3,58.6,0.0
,2021-01-05 19:01:00,2021-01-05 19:13:00,,1.48,,,116,69,,17.75,0.0,0.5,2.75,0.0,0.3,21.3,0.0
,2021-01-05 19:32:00,2021-01-05 19:47:00,,4.05,,,42,169,,20.72,0.0,0.5,2.75,0.0,0.3,24.27,0.0
,2021-01-05 19:09:00,2021-01-05 19:50:00,,19.91,,,42,39,,43.82,0.0,0.5,2.75,6.12,0.3,53.49,0.0
,2021-01-05 20:51:22,2021-01-05 21:05:34,,3.2,,,186,236,,12.0,0.5,0.5,2.37,0.0,0.3,18.17,2.5
,2021-01-05 20:20:00,2021-01-05 20:46:00,,16.06,,,231,210,,35.46,0.0,0.5,2.75,6.12,0.3,45.13,0.0
,2021-01-05 20:29:00,2021-01-05 21:10:00,,24.91,,,22,126,,62.02,0.0,0.5,2.75,6.12,0.3,71.69,0.0
,2021-01-05 20:17:00,2021-01-05 20:20:00,,0.06,,,4,4,,17.95,0.0,0.5,3.8,0.0,0.3,25.05,2.5
,2021-01-05 20:00:11,2021-01-05 20:25:07,,5.97,,,181,123,,28.33,0.0,0.5,2.75,0.0,0.3,31.88,0.0
,2021-01-05 20:12:26,2021-01-05 20:29:18,,7.11,,,100,116,,32.41,0.0,0.5,2.75,0.0,0.3,35.96,0.0
,2021-01-05 20:16:04,2021-01-05 20:23:30,,2.0,,,90,48,,8.0,0.5,0.5,1.77,0.0,0.3,13.57,2.5
,2021-01-05 20:11:00,2021-01-05 20:44:00,,5.86,,,78,166,,27.93,0.0,0.5,2.75,0.0,0.3,31.48,0.0
,2021-01-05 20:10:08,2021-01-05 20:20:22,,2.8,,,170,263,,10.5,0.5,0.5,2.15,0.0,0.3,16.45,2.5
,2021-01-05 20:29:00,2021-01-05 20:58:00,,11.64,,,35,70,,56.5,0.0,0.5,0.0,0.0,0.3,57.3,0.0
,2021-01-05 20:29:00,2021-01-05 20:50:00,,3.13,,,26,91,,19.43,0.0,0.5,2.75,0.0,0.3,22.98,0.0
,2021-01-05 20:01:45,2021-01-05 20:01:04,,3.72,,,265,42,,15.2,0.0,0.5,0.0,0.0,0.3,16.0,0.0
,2021-01-05 20:20:16,2021-01-05 20:41:59,,8.1,,,90,116,,32.41,0.0,0.5,2.75,0.0,0.3,35.96,0.0
,2021-01-03 18:00:00,2021-01-03 18:20:00,,4.76,,,124,177,,25.45,0.0,0.5,2.75,0.0,0.3,29.0,0.0
,2021-01-03 18:46:00,2021-01-03 19:25:00,,20.58,,,48,222,,32.32,0.0,0.5,2.75,6.12,0.3,41.99,0.0
,2021-01-03 18:33:32,2021-01-03 18:46:12,,1.67,,,47,69,,14.05,0.0,0.5,2.75,0.0,0.3,17.6,0.0
,2021-01-03 18:01:40,2021-01-03 18:01:04,,2.79,,,265,91,,15.2,0.0,0.5,0.0,0.0,0.3,16.0,0.0
,2021-01-03 18:53:00,2021-01-03 19:05:00,,3.05,,,189,148,,10.25,0.0,0.5,0.0,0.0,0.3,13.55,2.5
,2021-01-03 18:01:17,2021-01-03 18:01:03,,6.01,,,265,76,,24.04,0.0,0.5,0.0,0.0,0.3,24.84,0.0
,2021-01-03 18:15:00,2021-01-03 18:42:00,,9.37,,,148,42,,42.95,0.0,0.5,2.75,0.0,0.3,46.5,0.0
,2021-01-03 18:46:53,2021-01-03 18:59:36,,3.09,,,166,236,,15.34,0.0,0.5,3.98,0.0,0.3,22.62,2.5
,2021-01-03 18:13:45,2021-01-03 18:37:18,,3.66,,,244,151,,17.65,0.0,0.5,2.0,0.0,0.3,20.45,0.0
,2021-01-03 18:16:53,2021-01-03 18:25:09,,1.9,,,186,143,,8.0,0.0,0.5,1.7,0.0,0.3,13.0,2.5
,2021-01-03 18:50:49,2021-01-03 19:02:32,,1.8,,,140,142,,10.0,0.0,0.5,2.0,0.0,0.3,15.3,2.5
,2021-01-03 18:41:00,2021-01-03 18:47:00,,0.55,,,26,26,,11.45,0.0,0.5,2.75,0.0,0.3,15.0,0.0
,2021-01-03 18:03:00,2021-01-03 18:14:00,,2.22,,,75,42,,20.15,0.0,0.5,2.75,0.0,0.3,23.7,0.0
,2021-01-03 18:59:26,2021-01-03 19:06:38,,0.9,,,144,45,,13.65,0.0,0.5,2.75,0.0,0.3,17.2,0.0
,2021-01-03 18:10:00,2021-01-03 18:41:00,,7.1,,,227,217,,23.32,0.0,0.5,2.75,0.0,0.3,26.87,0.0
,2021-01-03 18:31:00,2021-01-03 18:38:00,,1.11,,,148,231,,15.2,0.0,0.5,0.0,0.0,0.3,18.5,2.5
,2021-01-03 18:09:00,2021-01-03 18:20:00,,2.8,,,186,231,,22.2,0.0,0.5,0.0,0.0,0.3,25.5,2.5
,2021-01-03 18:08:54,2021-01-03 18:17:26,,2.68,,,248,47,,18.45,0.0,0.5,2.75,0.0,0.3,22.0,0.0
,2021-01-03 18:48:04,2021-01-03 18:59:31,,2.2,,,262,238,,10.0,0.0,0.5,2.0,0.0,0.3,15.3,2.5
,2021-01-03 18:33:04,2021-01-03 19:03:03,,11.66,,,233,188,,27.75,0.0,0.5,2.75,6.12,0.3,37.42,0.0
,2021-01-03 18:15:18,2021-01-03 18:20:36,,1.1,,,48,68,,6.0,0.0,0.5,0.93,0.0,0.3,10.23,2.5
,2021-01-03 18:01:05,2021-01-03 18:01:04,,0.83,,,265,173,,15.2,0.0,0.5,0.0,0.0,0.3,16.0,0.0
,2021-01-03 18:11:18,2021-01-03 18:21:46,,2.3,,,48,249,,9.5,0.0,0.5,2.56,0.0,0.3,15.36,2.5
,2021-01-03 18:22:39,2021-01-03 18:44:51,,7.3,,,177,216,,32.45,0.0,0.5,2.75,0.0,0.3,36.0,0.0
,2021-01-03 18:31:41,2021-01-03 19:01:20,,16.3,,,132,7,,44.5,0.0,0.5,6.79,0.0,0.3,52.09,0.0
,2021-01-03 18:20:00,2021-01-03 18:32:00,,2.18,,,159,119,,14.05,0.0,0.5,2.75,0.0,0.3,17.6,0.0
,2021-01-03 18:30:00,2021-01-03 18:52:00,,9.72,,,182,229,,28.23,0.0,0.5,2.75,6.12,0.3,37.9,0.0
,2021-01-03 18:13:07,2021-01-03 18:47:35,,22.8,,,132,13,,52.0,0.0,0.5,12.28,6.12,0.3,73.7,2.5
,2021-01-03 18:06:00,2021-01-03 18:42:00,,13.41,,,55,37,,35.49,0.0,0.5,2.75,0.0,0.3,39.04,0.0
,2021-01-03 18:28:00,2021-01-03 18:33:00,,0.74,,,68,186,,7.0,0.0,0.5,2.0,0.0,0.3,12.3,2.5
,2021-01-03 18:01:41,2021-01-03 19:01:03,,14.07,,,265,92,,39.69,0.0,0.5,0.0,0.0,0.3,40.49,0.0
,2021-01-03 18:01:04,2021-01-03 18:01:04,,1.61,,,265,133,,15.2,0.0,0.5,0.0,0.0,0.3,16.0,0.0
,2021-01-03 18:42:00,2021-01-03 18:48:00,,1.23,,,234,114,,7.0,0.0,0.5,1.26,0.0,0.3,11.56,2.5
,2021-01-03 18:59:39,2021-01-03 19:05:25,,0.93,,,41,42,,14.95,0.0,0.5,2.75,0.0,0.3,18.5,0.0
,2021-01-03 18:29:02,2021-01-03 18:34:56,,0.98,,,42,41,,14.95,0.0,0.5,2.75,0.0,0.3,18.5,0.0
,2021-01-03 18:01:03,2021-01-03 19:01:03,,3.9,,,265,78,,19.65,0.0,0.5,0.0,0.0,0.3,20.45,0.0
,2021-01-03 18:52:32,2021-01-03 19:33:52,,16.37,,,130,48,,59.15,0.0,0.5,2.75,0.0,0.3,62.7,0.0
